task,path,image_sha256,true_label,predicted_label,confidence,correct,quantitative_sample,gallery_reason,max_probability_difference,cam_status,cam_path,top20_drop,random20_drop,paired_drop_advantage,border_mass
tumor,data/brain_tumor/Testing/glioma/Te-glTr_0003.jpg,216b65a45d7effb4ebce1c9893f97d12449c9da777f81859f752513d2a0f9c61,glioma,glioma,0.8623148798942566,1,1,,7.554104382023752e-07,ok,maps/tumor_c58e5d67275b.npy,0.4350229501724243,0.26231488585472107,0.17270806431770325,0.038527440279722214
tumor,data/brain_tumor/Testing/glioma/Te-gl_0012.jpg,d3919a620ad5aee91a2f2991fcb5c4c6d21fc30aafca09cc8e9768bc0dc10f28,glioma,glioma,0.9597443342208862,1,1,,3.620017974270695e-08,ok,maps/tumor_37329cc1abf2.npy,0.32735711336135864,0.5597443580627441,-0.2323872447013855,0.0350615568459034
tumor,data/brain_tumor/Testing/glioma/Te-gl_0013.jpg,008f7fea9cbb6d61aa406db657479bf8437355ffff3b894a807c8d7b81d7e628,glioma,glioma,0.9571386575698853,1,1,,9.0445519931176e-08,ok,maps/tumor_39a1e4340f7f.npy,0.6622058153152466,0.1571386605501175,0.5050671547651291,0.03574163839221001
tumor,data/brain_tumor/Testing/glioma/Te-gl_0015.jpg,2d33e035b533d94e310dce9c7925ede0fc88b85796079304e3da37a2e9ce0326,glioma,glioma,0.9746299982070923,1,1,,5.697569415395731e-08,ok,maps/tumor_ecc3ac8e0ac8.npy,0.21685975790023804,0.37463000416755676,-0.15777024626731873,0.03161328285932541
tumor,data/brain_tumor/Testing/glioma/Te-gl_0016.jpg,085a411f8f51f72f45fb4f3452e62a43e31c74bbcfe5404bff529ebfe0218e59,glioma,glioma,0.9756012558937073,1,1,,2.7712284689229705e-08,ok,maps/tumor_96b13c2b316a.npy,0.16124767065048218,0.3583071827888489,-0.1970595121383667,0.03929793834686279
tumor,data/brain_tumor/Testing/glioma/Te-gl_0044.jpg,989de8b8b3ba83496e5ae82b259a88ded06a9c3eb6f661222ec53835cf8c1adf,glioma,glioma,0.9619453549385071,1,1,,7.279036029483876e-08,ok,maps/tumor_a78f980b7f28.npy,0.46512216329574585,0.36194533109664917,0.10317683219909668,0.04718644917011261
tumor,data/brain_tumor/Testing/glioma/Te-gl_0047.jpg,6584c508ad8274ed5c7f250e5b963a8b024e0a05feeb5013f432ff30c06e2b07,glioma,glioma,0.8892260193824768,1,1,,3.4437736329273605e-07,ok,maps/tumor_0b13cac2a0c3.npy,0.8244390487670898,0.48922601342201233,0.3352130353450775,0.02421555109322071
tumor,data/brain_tumor/Testing/glioma/Te-gl_0049.jpg,fefb12d6ec3e6860e414835742f625f628be4559f3be5b6e6bfdbcdde9aa91fb,glioma,glioma,0.9749556183815002,1,1,,3.768192291531136e-08,ok,maps/tumor_5bfcc500eee6.npy,0.45084643363952637,0.17495562136173248,0.2758908122777939,0.03016629070043564
tumor,data/brain_tumor/Testing/glioma/Te-gl_0052.jpg,add3639ad235b08ac82b01c9c18f277acfa9f4d0a614402f3843368eb17d9b53,glioma,glioma,0.962097704410553,1,1,,3.732351775385945e-08,ok,maps/tumor_7f7d8aaca439.npy,0.08444756269454956,0.36209768056869507,-0.2776501178741455,0.036017898470163345
tumor,data/brain_tumor/Testing/glioma/Te-gl_0057.jpg,0965f7c1f03c075eac60f7d4892f7cfc779c01ccf2fff694e92c2f2240898cee,glioma,glioma,0.9339443445205688,1,1,,3.228357186024766e-07,ok,maps/tumor_c1a8a585f8f2.npy,0.32865482568740845,0.1339443475008011,0.19471047818660736,0.03527139499783516
tumor,data/brain_tumor/Testing/glioma/Te-gl_0071.jpg,c731e056bf72715accb0cdf4c79b15006c3c73bc089e876a720ba777f5215241,glioma,glioma,0.9712887406349182,1,1,,1.065931265475939e-08,ok,maps/tumor_d39732f91caf.npy,0.30516916513442993,-0.028711259365081787,0.3338804244995117,0.029934126883745193
tumor,data/brain_tumor/Testing/glioma/Te-gl_0079.jpg,b23f7bb224a08f748ec6e4dd1c919a72e550507f17b9156819c28d4872982557,glioma,glioma,0.9683770537376404,1,1,,4.919269543622595e-08,ok,maps/tumor_170944073232.npy,0.053278565406799316,0.36837705969810486,-0.31509849429130554,0.03965970128774643
tumor,data/brain_tumor/Testing/glioma/Te-gl_0081.jpg,f88cf89c065bb6ef9b7e66d03b7d63fe99b7488d3abeb1f664c0476bb1102552,glioma,glioma,0.4281865656375885,1,1,lowest-confidence correct,5.218726106814842e-07,ok,maps/tumor_0616d15a48d4.npy,0.31277576088905334,-0.37181347608566284,0.6845892369747162,0.06500763446092606
tumor,data/brain_tumor/Testing/glioma/Te-gl_0101.jpg,4fa87ade711eedf567d733838912e2eb8572118c71e6c4f5c7c78a4004c66684,glioma,glioma,0.8705708384513855,1,1,,3.1180651760553957e-07,ok,maps/tumor_5c0a83a45c20.npy,0.6859687566757202,0.27057084441185,0.41539791226387024,0.06379926204681396
tumor,data/brain_tumor/Testing/glioma/Te-gl_0110.jpg,331d8b9608c5739e494822c6cceaae79842eaf94b085785b7573a484270a2e25,glioma,glioma,0.9645246863365173,1,1,,4.221932803361028e-08,ok,maps/tumor_4b1cb9582106.npy,0.7556881904602051,-0.035475313663482666,0.7911635041236877,0.03680538386106491
tumor,data/brain_tumor/Testing/glioma/Te-gl_0111.jpg,178edaf959d0d23aa036436d6428c4750cad595224670317e2a5d1f945484a9c,glioma,glioma,0.9768150448799133,1,1,,1.683000350194419e-08,ok,maps/tumor_3e094d2a70e3.npy,0.2771144509315491,0.37681514024734497,-0.0997006893157959,0.02494482509791851
tumor,data/brain_tumor/Testing/glioma/Te-gl_0112.jpg,114982d55c77ad20796d799c70d6538903366ee064e58afc8184f7de8a7c7bde,glioma,glioma,0.969585657119751,1,1,,2.319119075944176e-08,ok,maps/tumor_fd2dd1bb6f77.npy,0.21502363681793213,0.36958640813827515,-0.15456277132034302,0.020506640896201134
tumor,data/brain_tumor/Testing/glioma/Te-gl_0114.jpg,faebaba9de577d49182c649be114e139afe3b4f839ce5504eacda361b7cf7c64,glioma,glioma,0.8857223987579346,1,1,,3.152463781685988e-07,ok,maps/tumor_609088bcf28a.npy,0.3682628870010376,0.28572240471839905,0.08254048228263855,0.060218509286642075
tumor,data/brain_tumor/Testing/glioma/Te-gl_0119.jpg,941557e0da191c7a1ff862c3d8cfd1c5f8a80089f4ae06c3dd669ac174aeaecc,glioma,glioma,0.9707180857658386,1,1,,1.7151874398546596e-07,ok,maps/tumor_12fd70bb3010.npy,0.5476912260055542,0.3707180917263031,0.1769731342792511,0.03197433054447174
tumor,data/brain_tumor/Testing/glioma/Te-gl_0125.jpg,3973568a319a82e6d56e314bdcfafa77795bd2076aa6cfb2e9e59005e5274dd5,glioma,glioma,0.9626021385192871,1,1,,6.41363763799474e-08,ok,maps/tumor_a5cff66fc4c8.npy,0.2594320774078369,0.16260214149951935,0.09682993590831757,0.04987729340791702
tumor,data/brain_tumor/Testing/glioma/Te-gl_0140.jpg,32793bc7b8e414546e3e7c251a9840a0c6b0bcf266a4f6f8f2e297f546d1b894,glioma,glioma,0.9629130959510803,1,1,,4.0190996093703024e-08,ok,maps/tumor_6935bd6080f9.npy,0.42996013164520264,0.16291309893131256,0.2670470327138901,0.05337803438305855
tumor,data/brain_tumor/Testing/glioma/Te-gl_0142.jpg,dba17ccaa4a0980eac964952968b38049beed45c2513778556a14efdcbcde958,glioma,glioma,0.9839048981666565,1,1,,1.0019538498884373e-07,ok,maps/tumor_5ef3d5cd63a1.npy,0.31032347679138184,0.3866126537322998,-0.07628917694091797,0.02387950010597706
tumor,data/brain_tumor/Testing/glioma/Te-gl_0172.jpg,641fc9ea962eab5cbe9d12d013fcf31b7849b52476d12683b2b981d9d80e15f2,glioma,glioma,0.9789450764656067,1,1,,6.15406752224601e-08,ok,maps/tumor_7a5d9f056a13.npy,0.6137667298316956,0.9789450764656067,-0.36517834663391113,0.029954250901937485
tumor,data/brain_tumor/Testing/glioma/Te-gl_0174.jpg,b2d13289d89471bf9313d1ca87bb41179dfd9c765f3ee45146146eb21c127163,glioma,glioma,0.9415743350982666,1,1,,6.839894084453846e-08,ok,maps/tumor_ea1d89b8d5a2.npy,0.3994157910346985,0.3415743410587311,0.05784144997596741,0.039945460855960846
tumor,data/brain_tumor/Testing/glioma/Te-gl_0183.jpg,e756db2d191359d56303eac05949fc3b0addeacbad1e740bea875633ed688e95,glioma,glioma,0.9786515831947327,1,1,,1.315137354573892e-07,ok,maps/tumor_410895ab31ba.npy,0.06812149286270142,0.37865155935287476,-0.31053006649017334,0.011771010234951973
tumor,data/brain_tumor/Testing/glioma/Te-gl_0194.jpg,c2e3737a7f0ce508c3e91e12548ff07d3e9c6be37c95692c997fa869c9fec6f8,glioma,glioma,0.9777531623840332,1,1,,5.235970934602818e-08,ok,maps/tumor_77e6dccb3764.npy,0.08321410417556763,0.17775316536426544,-0.09453906118869781,0.03196476027369499
tumor,data/brain_tumor/Testing/glioma/Te-gl_0214.jpg,f443f279be74543acfa69f46831c90bac8dfa8372b4be9363930e9a0437aea78,glioma,glioma,0.9631725549697876,1,1,,1.3884886262971463e-07,ok,maps/tumor_918559d3542f.npy,0.10984206199645996,0.16317255795001984,-0.053330495953559875,0.03033319115638733
tumor,data/brain_tumor/Testing/glioma/Te-gl_0216.jpg,ff0ace20f017c3842d7e0454717d84686fe58991e4b19d4594733bf00544b518,glioma,glioma,0.9717774987220764,1,1,,5.0229629455778024e-08,ok,maps/tumor_4e9bd9419e5c.npy,0.3511427044868469,0.3717774748802185,-0.020634770393371582,0.031147083267569542
tumor,data/brain_tumor/Testing/glioma/Te-gl_0229.jpg,4cfde810585be24684264f80eb7182aaba109b75a4028c6d288df6ea1a7c24a9,glioma,glioma,0.9642716646194458,1,1,,8.328736766927136e-08,ok,maps/tumor_8a1183ebd26b.npy,0.8659618496894836,0.16427166759967804,0.7016901820898056,0.023325512185692787
tumor,data/brain_tumor/Testing/glioma/Te-gl_0258.jpg,677e94c63225f0e593fae5f586ba02f3d2d282fe37c8927fffb9bc018bd4677c,glioma,glioma,0.8013715744018555,1,1,,1.679920682562397e-07,ok,maps/tumor_98137a24f8fa.npy,0.7218417525291443,0.20137158036231995,0.5204701721668243,0.04286518320441246
tumor,data/brain_tumor/Testing/glioma/Te-gl_0265.jpg,c383ffac14bfe053162381377471fdc69710b15fb057259a0a02a0e66c1c8d3e,glioma,meningioma,0.9018670320510864,0,0,highest-confidence error,2.859272380806299e-07,ok,maps/tumor_f37feb5da506.npy,0.23341286182403564,0.3018670380115509,-0.06845417618751526,0.01873696781694889
tumor,data/brain_tumor/Testing/glioma/Te-gl_0279.jpg,8e2ffc8947d23d2637e5d22d37b053fc3c8c3c38b4ba8694390525a8f2240bb5,glioma,glioma,0.9676164984703064,1,1,,5.9281940467670324e-08,ok,maps/tumor_2467e53793bc.npy,0.9085516333580017,0.16761650145053864,0.7409351319074631,0.026326702907681465
tumor,data/brain_tumor/Testing/glioma/Te-gl_0287.jpg,a5462a6482fb103a13bb51456ad6ade49f559d8e0aad0133c42d26d14dc191f5,glioma,glioma,0.9693850874900818,1,1,,1.1108399666781565e-07,ok,maps/tumor_92e9b2bf45a2.npy,0.13781672716140747,0.36938509345054626,-0.2315683662891388,0.031801462173461914
tumor,data/brain_tumor/Testing/meningioma/Te-me_0022.jpg,790486755f0d3a02e2de284d3b28d5c238080836afad61cfbd60b8b8bf9820d8,meningioma,meningioma,0.8332117199897766,1,1,,4.035142397995628e-08,ok,maps/tumor_ab07daff1024.npy,0.7707996964454651,0.8332117199897766,-0.06241202354431152,0.010957836173474789
tumor,data/brain_tumor/Testing/meningioma/Te-me_0023.jpg,3b2ba8de971d62969e17bbb638dd8ab6ae3d3aa87edacaf28918e9ce8eb95dd9,meningioma,meningioma,0.9276815056800842,1,1,,4.9236995480761436e-08,ok,maps/tumor_db02d2f9e3cd.npy,0.8950355648994446,0.7278522849082947,0.1671832799911499,0.0450889877974987
tumor,data/brain_tumor/Testing/meningioma/Te-me_0035.jpg,4cc66638107c582da061fb013badc87dfb5dbdb94deee50550a5df8b967d9947,meningioma,meningioma,0.9512919187545776,1,1,,8.682403673798689e-08,ok,maps/tumor_429098448d09.npy,0.8547846078872681,0.7512919306755066,0.10349267721176147,0.06465501338243484
tumor,data/brain_tumor/Testing/meningioma/Te-me_0036.jpg,87886ae7a7ec7535a975fa0b267d5889a995699a4fd5d7672f5a7346659dff38,meningioma,meningioma,0.9785094857215881,1,1,,7.666377721537998e-08,ok,maps/tumor_ab211543ada8.npy,0.8859152793884277,0.7785094976425171,0.10740578174591064,0.014784051105380058
tumor,data/brain_tumor/Testing/meningioma/Te-me_0040.jpg,935ba7f0696adb99b0bc47bd75e6ae0ae86426d1fb6922dac8b9569ddaea8a16,meningioma,meningioma,0.9506556391716003,1,1,,3.740291273923724e-08,ok,maps/tumor_35db3fe7c856.npy,0.7618002891540527,0.7506555318832397,0.011144757270812988,0.042032063007354736
tumor,data/brain_tumor/Testing/meningioma/Te-me_0045.jpg,b981ea69aea30d8a852c1eed9f64a190a101c6f2b9b1d26b16d0864251d5ecb9,meningioma,meningioma,0.44737523794174194,1,0,lowest-confidence correct,2.0017553855056214e-06,ok,maps/tumor_a58c33e6ced2.npy,0.38368868827819824,0.34180742502212524,0.041881263256073,0.01228328701108694
tumor,data/brain_tumor/Testing/meningioma/Te-me_0051.jpg,6ad191b6525adf85064c08ec3ab520ca7fc28acb73bd31781d54d8e03315e139,meningioma,meningioma,0.9619469046592712,1,1,,9.502044973075385e-08,ok,maps/tumor_9f0d4a397a89.npy,0.42984485626220703,0.9619468450546265,-0.5321019887924194,0.07145150005817413
tumor,data/brain_tumor/Testing/meningioma/Te-me_0063.jpg,56cf9f66248d14af34d23eaa420b0c509a94f19c63b1937f8bf63f92cca301f5,meningioma,meningioma,0.9600393772125244,1,1,,1.6853339742869955e-08,ok,maps/tumor_43e9c175e9a0.npy,0.8631422519683838,0.9600393176078796,-0.09689706563949585,0.009475287981331348
tumor,data/brain_tumor/Testing/meningioma/Te-me_0083.jpg,8238d1f576cd9a0d6fb599baa2dec1f08b8d9355412d1cf91db367a8729da07f,meningioma,meningioma,0.8425816297531128,1,1,,4.4979821545165777e-07,ok,maps/tumor_b708c85c9c69.npy,-0.009176135063171387,0.6425816416740417,-0.6517577767372131,0.014778281562030315
tumor,data/brain_tumor/Testing/meningioma/Te-me_0087.jpg,ce9682cf32ab75a300537fc7170a731c536079308142e167d949634b29034aec,meningioma,meningioma,0.9520763754844666,1,1,,4.7881269504834734e-08,ok,maps/tumor_0cb1309d164e.npy,0.7233046889305115,0.9520763158798218,-0.2287716269493103,0.020655512809753418
tumor,data/brain_tumor/Testing/meningioma/Te-me_0098.jpg,20c540c392630d5bba27c8a6c47a1933df2a9803135b061ef80652904e810432,meningioma,meningioma,0.9202588200569153,1,1,,1.971233010156226e-08,ok,maps/tumor_9f69ea252a88.npy,0.8627597689628601,0.9202588200569153,-0.057499051094055176,0.16668739914894104
tumor,data/brain_tumor/Testing/meningioma/Te-me_0107.jpg,19f85781d3642a0c0a9d3831265070195500ff2f41feb84cf72bb87b12060e7e,meningioma,meningioma,0.9286550283432007,1,1,,5.1892646402151854e-08,ok,maps/tumor_0d968cb13fda.npy,0.9143231511116028,0.5286550521850586,0.3856680989265442,0.13357704877853394
tumor,data/brain_tumor/Testing/meningioma/Te-me_0111.jpg,d92efa88092779d3c25197e69bdc238ff39cc37befc438b2a1a0f5cb5f1946d2,meningioma,notumor,0.912507951259613,0,0,highest-confidence error,6.911743330451081e-08,ok,maps/tumor_9d81cebf846a.npy,0.05287891626358032,0.9125078916549683,-0.8596289753913879,0.1979876607656479
tumor,data/brain_tumor/Testing/meningioma/Te-me_0116.jpg,e6f031079395a11ae077ded524ce00c75ae48b04d8b31aff7a778698dfcc6de6,meningioma,meningioma,0.9444395899772644,1,1,,9.83060688408699e-08,ok,maps/tumor_5f988115d324.npy,0.20832866430282593,0.9444395899772644,-0.7361109256744385,0.0068086786195635796
tumor,data/brain_tumor/Testing/meningioma/Te-me_0119.jpg,a08bbb3b39c0ec7b7050faefc3bc310a76b441e14f45eacf45d8d36b6fd7dd32,meningioma,meningioma,0.9774271249771118,1,1,,3.595684916479769e-08,ok,maps/tumor_dc51d927bcb2.npy,0.19621407985687256,0.9774271249771118,-0.7812130451202393,0.027070460841059685
tumor,data/brain_tumor/Testing/meningioma/Te-me_0125.jpg,10b81aeaa0065c1e8ee714e5db4c3a08e323bc3466a2124e7ddd0968117a8ecf,meningioma,meningioma,0.981925368309021,1,1,,5.464073038474737e-08,ok,maps/tumor_23224a83fd0f.npy,0.25659310817718506,0.78192538022995,-0.5253322720527649,0.0479964055120945
tumor,data/brain_tumor/Testing/meningioma/Te-me_0135.jpg,960155b05ea8f0ddcbcd3a5e29905c2a4b55832f03e5b7d6491c73955960d278,meningioma,meningioma,0.9778382182121277,1,1,,1.4570924689039089e-08,ok,maps/tumor_d5f450927800.npy,0.14013981819152832,0.7778382301330566,-0.6376984119415283,0.04252747446298599
tumor,data/brain_tumor/Testing/meningioma/Te-me_0136.jpg,355ff7a1ae379203be9c8d1674adf692b45b9cd968d511153333f6ddf5bdccf1,meningioma,meningioma,0.9463733434677124,1,1,,1.7707079698336958e-08,ok,maps/tumor_9d9566be069c.npy,0.5935347080230713,0.7463733553886414,-0.15283864736557007,0.04213374853134155
tumor,data/brain_tumor/Testing/meningioma/Te-me_0142.jpg,66ec65ac1f716e380e951852b34f72056aa123ad1256c07b043cd19736f25f5b,meningioma,meningioma,0.9078823924064636,1,1,,5.95623681820534e-07,ok,maps/tumor_0a3cc981ab78.npy,0.14746439456939697,0.9077498316764832,-0.7602854371070862,0.03246375545859337
tumor,data/brain_tumor/Testing/meningioma/Te-me_0148.jpg,110f8ce6a8b3a8c519b4db31afff2ccb6e6aefd4db6e9de5d1056c9b0840578a,meningioma,meningioma,0.9743832945823669,1,1,,2.5829348472561353e-08,ok,maps/tumor_c8623885a343.npy,0.26748859882354736,0.9743832349777222,-0.7068946361541748,0.03789542615413666
tumor,data/brain_tumor/Testing/meningioma/Te-me_0150.jpg,9bd07e3fe890788c7d5bc8a5b1352763157cc136bf8b57917d4f1fb382a7f7ec,meningioma,meningioma,0.9583574533462524,1,1,,3.1764537913175905e-08,ok,maps/tumor_550aa022fe74.npy,0.4420878291130066,0.7583574056625366,-0.31626957654953003,0.028059380128979683
tumor,data/brain_tumor/Testing/meningioma/Te-me_0176.jpg,d9167a9fef05c1360f4232f565c0bb16d374c9e3228e06ad80898961db652909,meningioma,meningioma,0.970207691192627,1,1,,1.0743141254376809e-07,ok,maps/tumor_1f84591d57c2.npy,0.4497995972633362,0.7702077031135559,-0.3204081058502197,0.011568992398679256
tumor,data/brain_tumor/Testing/meningioma/Te-me_0181.jpg,48092e2e934c9f3064a8d922c9995fe6ef89f9c210b0ddfd0ad9eb0357991bde,meningioma,meningioma,0.979756772518158,1,1,,9.685378210555484e-08,ok,maps/tumor_48a4d3c1cd92.npy,0.7669277191162109,0.7797567844390869,-0.012829065322875977,0.019082676619291306
tumor,data/brain_tumor/Testing/meningioma/Te-me_0185.jpg,9893fe0120bef43b357ad10b75833b244b2e6e1d86ce954eb33434a64af6e8c9,meningioma,meningioma,0.9759120345115662,1,1,,4.953444798783124e-08,ok,maps/tumor_f0d03334f406.npy,0.32832688093185425,0.7759120464324951,-0.44758516550064087,0.010697364807128906
tumor,data/brain_tumor/Testing/meningioma/Te-me_0186.jpg,b03aaffd184bd7dfb3e392e9b3f18f5368462351d7eabd9d8176f7648e1adefc,meningioma,meningioma,0.9850262999534607,1,1,,1.271865756047319e-07,ok,maps/tumor_b745e8b8e554.npy,0.14147889614105225,0.5850263237953186,-0.44354742765426636,0.026318352669477463
tumor,data/brain_tumor/Testing/meningioma/Te-me_0189.jpg,2b5b386e26e3eed75b264a598b9946ed3672fec3bff188aa69847c8fa111d6fc,meningioma,meningioma,0.9572129845619202,1,1,,7.062394957735307e-08,ok,maps/tumor_31935f2b61cc.npy,0.6519385576248169,0.5572129487991333,0.0947256088256836,0.0241308081895113
tumor,data/brain_tumor/Testing/meningioma/Te-me_0193.jpg,61ebf9b8da89d28273c8b1a853b3037062c0942e4a5ca1a16b2412d454431dbf,meningioma,meningioma,0.8702746033668518,1,1,,1.0543068273971556e-07,ok,maps/tumor_838976df9d6b.npy,0.7760801315307617,0.6702747344970703,0.1058053970336914,0.02618274837732315
tumor,data/brain_tumor/Testing/meningioma/Te-me_0194.jpg,32e42f314ff3317532689a888e52499ef243b1e67106c7691fd0afd40cce7a98,meningioma,meningioma,0.9769744873046875,1,1,,1.506000990580958e-07,ok,maps/tumor_1cd3a98e338b.npy,0.6736680269241333,0.5769745111465454,0.09669351577758789,0.011769515462219715
tumor,data/brain_tumor/Testing/meningioma/Te-me_0232.jpg,94b14329368457642f868f5286f92b1a56ae10335865c2097a77e86a341997a2,meningioma,meningioma,0.9835759997367859,1,1,,1.9694570863038052e-08,ok,maps/tumor_d51a318097ff.npy,0.6645498275756836,0.7835760116577148,-0.11902618408203125,0.03140515089035034
tumor,data/brain_tumor/Testing/meningioma/Te-me_0235.jpg,88d31c67a6755258d24ff571171689db40a57d22442d409bf9dbcb5cb433f5cd,meningioma,meningioma,0.9662163257598877,1,1,,4.8592392554169805e-08,ok,maps/tumor_a9b8bd668b78.npy,0.3468232750892639,0.7662163376808167,-0.41939306259155273,0.004430857021361589
tumor,data/brain_tumor/Testing/meningioma/Te-me_0273.jpg,35b3c5dd2c6ea0afd3f1b4ff65635843bdc57826796d46fade6bbc577190d376,meningioma,meningioma,0.969918429851532,1,1,,1.544592665055078e-08,ok,maps/tumor_8dfb6889038f.npy,0.3179818391799927,0.7699184417724609,-0.45193660259246826,0.00953634362667799
tumor,data/brain_tumor/Testing/meningioma/Te-me_0274.jpg,5cb4adecca034d0a5ba2e58d58dd19a0eeddfe21a48fd50c89c481e43789bb37,meningioma,meningioma,0.9766066670417786,1,1,,4.6901187156223045e-08,ok,maps/tumor_19e4b9d158c2.npy,0.22714585065841675,0.9766066670417786,-0.7494608163833618,0.01266460120677948
tumor,data/brain_tumor/Testing/meningioma/Te-me_0282.jpg,a832a10ab91787a3acea8c22e891177bdeb9cb715cf90ff3f75405031a978bdf,meningioma,meningioma,0.9547572731971741,1,1,,3.116275575781868e-08,ok,maps/tumor_1cf465b6cc2d.npy,0.2498210072517395,0.754994809627533,-0.5051738023757935,0.009675562381744385
tumor,data/brain_tumor/Testing/meningioma/Te-me_0295.jpg,4b819b2901adddfa20ab471258e64bc542b7a3f18ec4e1fac51e7a5696894127,meningioma,meningioma,0.9742804169654846,1,1,,1.0832085861611773e-07,ok,maps/tumor_2401ec085e3c.npy,0.10301482677459717,0.9742804765701294,-0.8712656497955322,0.06907976418733597
tumor,data/brain_tumor/Testing/notumor/Te-no_0032.jpg,4f2893125ab87fc6fcd6cd5388db893efeb9a1a30e59f942e7743144766c78f6,notumor,notumor,0.9210498332977295,1,1,,6.690797604846921e-08,ok,maps/tumor_f82b70e73633.npy,0.001169443130493164,0.6598159074783325,-0.6586464643478394,0.15897156298160553
tumor,data/brain_tumor/Testing/notumor/Te-no_0048.jpg,136e27954eca1b7b887f3700f412b2c531153938a0d721d1557a94c3362497c2,notumor,notumor,0.8670489192008972,1,1,,3.4940229864943717e-07,ok,maps/tumor_0fa774e873d5.npy,0.14541399478912354,0.8670487403869629,-0.7216347455978394,0.20997166633605957
tumor,data/brain_tumor/Testing/notumor/Te-no_0057.jpg,1d489fd63322dff8146dfb442c512362d2d42d5f4e44b90414202ac0abe5f97e,notumor,notumor,0.9590023159980774,1,1,,9.199346329147318e-08,ok,maps/tumor_4f5c2dab0733.npy,0.12390780448913574,0.7608627080917358,-0.6369549036026001,0.26510336995124817
tumor,data/brain_tumor/Testing/notumor/Te-no_0067.jpg,9af05acd768793e89fc6776c3af838b0bf0747cfc3a3737e1cd3af44ea09c930,notumor,notumor,0.9512547850608826,1,1,,8.465820933167834e-08,ok,maps/tumor_d9f9e4fd4e23.npy,-0.0040776729583740234,0.6765325665473938,-0.6806102395057678,0.12286961078643799
tumor,data/brain_tumor/Testing/notumor/Te-no_0093.jpg,a8d8bd68e37588a5be079ea92de410d9097988aea40552f6fd08ca44a7dd6c74,notumor,notumor,0.9468901753425598,1,1,,4.2067015603580726e-08,ok,maps/tumor_8e4ae1f8e34d.npy,-0.008190155029296875,0.9468901753425598,-0.9550803303718567,0.18095210194587708
tumor,data/brain_tumor/Testing/notumor/Te-no_0104.jpg,82a16900fbf15df713cae2a5d2c941f846c62322cc04ed7d01c313aada509c0f,notumor,notumor,0.4546368420124054,1,0,lowest-confidence correct,3.374905782893567e-07,ok,maps/tumor_aefb7bae1956.npy,0.12480050325393677,0.4546368718147278,-0.329836368560791,0.5027260184288025
tumor,data/brain_tumor/Testing/notumor/Te-no_0141.jpg,0cbeaa585e77bfea048bde8655cc097ad2cead1dd863ad11667ecafbc56eb863,notumor,notumor,0.943284273147583,1,1,,3.426157435537647e-08,ok,maps/tumor_48f1cd4f6240.npy,0.04442095756530762,0.9432842135429382,-0.8988632559776306,0.12947696447372437
tumor,data/brain_tumor/Testing/notumor/Te-no_0142.jpg,0705d27363749ece8ac8ae0a550003ea1f0b94e8418c3ed54b8a4f3ad0664b33,notumor,notumor,0.9619418382644653,1,1,,2.9563978043434247e-08,ok,maps/tumor_23159a662f2d.npy,0.07476496696472168,0.7677627801895142,-0.6929978132247925,0.187076598405838
tumor,data/brain_tumor/Testing/notumor/Te-no_0146.jpg,d1fb1c073086644db1a39cb836e46bde04ed6f20af6a5fcfbf25a07a6f2fd280,notumor,notumor,0.95304274559021,1,1,,3.284083716081909e-08,ok,maps/tumor_ebf1607b4409.npy,0.04704850912094116,0.35304340720176697,-0.3059948980808258,0.13396315276622772
tumor,data/brain_tumor/Testing/notumor/Te-no_0167.jpg,0bffedfc1df973bdc13f059b95acf515f49f922aa7f4df30a1d4c7629d201f9f,notumor,notumor,0.9671708941459656,1,1,,3.438369922115214e-08,ok,maps/tumor_f4670fef707d.npy,0.011580824851989746,0.7671709060668945,-0.7555900812149048,0.15228715538978577
tumor,data/brain_tumor/Testing/notumor/Te-no_0216.jpg,445d8753a46f8fb643d9d898de87d735949fd2b5f953cdf59eb4263d17a5b982,notumor,notumor,0.9618212580680847,1,1,,2.680763597912028e-08,ok,maps/tumor_cae493c1911a.npy,0.011057436466217041,0.9618212580680847,-0.9507638216018677,0.2387295514345169
tumor,data/brain_tumor/Testing/notumor/Te-no_0217.jpg,a3e8bfee0a5c41f81434966890de14ae09509c700ab9c6b93ac62229669ea126,notumor,notumor,0.9592081308364868,1,1,,3.326278245202596e-08,ok,maps/tumor_2394b0c5ea0f.npy,0.025882065296173096,0.9592081308364868,-0.9333260655403137,0.2167140394449234
tumor,data/brain_tumor/Testing/notumor/Te-no_0224.jpg,4c06456203de0b34d2cc8f7f7de1aee333d8158bbe1071539c897342c4baacdd,notumor,notumor,0.9587676525115967,1,1,,5.5361158213251827e-08,ok,maps/tumor_669b54fa16fb.npy,0.01788794994354248,0.9587677121162415,-0.940879762172699,0.11368151009082794
tumor,data/brain_tumor/Testing/notumor/Te-no_0234.jpg,c5f33f23dde6d620be3f6fd9a3bf1e4661060d1cb3d63eaf8a2319c8f4fdef99,notumor,notumor,0.97037672996521,1,1,,1.842674679682077e-08,ok,maps/tumor_3d13030e7f79.npy,0.040329575538635254,0.9703767895698547,-0.9300472140312195,0.2210100293159485
tumor,data/brain_tumor/Testing/notumor/Te-no_0252.jpg,00b2e47403043bfd763fb38f6da266edbbc131e4f9f2f9f29365f2606cb8adaf,notumor,notumor,0.9574810266494751,1,1,,3.045258698680664e-08,ok,maps/tumor_1683c438cba1.npy,0.00498044490814209,0.9574810266494751,-0.952500581741333,0.1581127941608429
tumor,data/brain_tumor/Testing/notumor/Te-no_0269.jpg,d447776611a16c2a81540a1975a71afaeedf55a4b11cb0eed9b6971cff8853fb,notumor,notumor,0.9584307670593262,1,1,,6.654540152251087e-08,ok,maps/tumor_e2b33125d4ed.npy,0.10353082418441772,0.9584307670593262,-0.8548999428749084,0.13143500685691833
tumor,data/brain_tumor/Testing/notumor/Te-no_0271.jpg,bebfbdc47984b1e96ff63f504bd2b7bc8d56e9bc7c78f797f1632fc87ca86e53,notumor,notumor,0.5332702994346619,1,1,,2.3871660232543945e-05,ok,maps/tumor_c43dd35cd6b4.npy,-0.46672970056533813,0.05968719720840454,-0.5264168977737427,0.2572598159313202
tumor,data/brain_tumor/Testing/notumor/Te-no_0274.jpg,280636ea1e5488c70436db9f892bfacbb86840a995599d258f82c6fb71b558ec,notumor,notumor,0.9670951962471008,1,1,,4.4133203869201054e-08,ok,maps/tumor_ef2a347900eb.npy,0.04230451583862305,0.9670951962471008,-0.9247906804084778,0.1879478096961975
tumor,data/brain_tumor/Testing/notumor/Te-no_0276.jpg,25ec79f41a81254e4294290bbba9009612df147f783c57b780c187ebbd590bdd,notumor,notumor,0.9697127938270569,1,1,,5.960561377804652e-08,ok,maps/tumor_bed5343f84db.npy,0.06290793418884277,0.9697128534317017,-0.9068049192428589,0.20442703366279602
tumor,data/brain_tumor/Testing/notumor/Te-no_0322.jpg,83247f5e7555d6c1460155fa86831957dc168b9aefa161ad4d4697348e6b3f9a,notumor,notumor,0.9712733030319214,1,1,,1.4770320966306372e-07,ok,maps/tumor_3e8b77a12912.npy,0.01810479164123535,0.5712733268737793,-0.553168535232544,0.21021921932697296
tumor,data/brain_tumor/Testing/notumor/Te-no_0323.jpg,86fd88b29277a9b4a3c030bc08d812487e57bbe9546316b5a8677374be01307b,notumor,notumor,0.9541232585906982,1,1,,1.421754469710379e-08,ok,maps/tumor_a53c420d3612.npy,0.01277315616607666,0.8760398626327515,-0.8632667064666748,0.1729196310043335
tumor,data/brain_tumor/Testing/notumor/Te-no_0332.jpg,9ed3de03c7379a7fd28e058a35174113ad8770fc99ea7d7bddbb71941e2bda0b,notumor,notumor,0.9681729674339294,1,1,,8.314203281400978e-08,ok,maps/tumor_51ddd5db3422.npy,0.012591004371643066,0.7681729793548584,-0.7555819749832153,0.20423105359077454
tumor,data/brain_tumor/Testing/notumor/Te-no_0370.jpg,46dd6b7c724ac9bc7e4c3777fbf940359e5d28ea88e883d198c25ebf10a7ba34,notumor,notumor,0.9657227993011475,1,1,,4.186093405245117e-08,ok,maps/tumor_842304c43dd0.npy,0.04194366931915283,0.9657228589057922,-0.9237791895866394,0.1766565442085266
tumor,data/brain_tumor/Testing/notumor/Te-no_0388.jpg,bfd5da402bf774d86a07b6f91e2b33b2fb03fe6ffae51edaa70b746072e195d3,notumor,notumor,0.9715359807014465,1,1,,8.301675080701898e-08,ok,maps/tumor_110971e647b7.npy,0.023653507232666016,0.7715359926223755,-0.7478824853897095,0.19151487946510315
tumor,data/brain_tumor/Testing/notumor/Te-no_0400.jpg,18947ac94e2b34115816ad609b3945088b7df2d66328fb923bd2bd4b126813ba,notumor,pituitary,1.0,0,0,highest-confidence error,8.198127494008953e-18,ok,maps/tumor_204c68b05d7c.npy,0.9718867540359497,0.800000011920929,0.17188674211502075,0.17402204871177673
tumor,data/brain_tumor/Testing/pituitary/Te-piTr_0001.jpg,3e802dd22f483ce4d442fe2c7f1890c1c810ec8c1131b364fd4e4593bf0f268a,pituitary,pituitary,0.9669238924980164,1,1,,1.2461239717875827e-07,ok,maps/tumor_2289e97755ee.npy,0.4073026180267334,0.7669239044189453,-0.3596212863922119,0.050748370587825775
tumor,data/brain_tumor/Testing/pituitary/Te-piTr_0002.jpg,63000f371bfe65f1ddf892f4a8930e5d03c699eca8b11e7cfcc848bb6bc41a11,pituitary,meningioma,0.9651917815208435,0,0,highest-confidence error,1.4600390074726022e-07,ok,maps/tumor_de1c33ddb6f8.npy,0.3541691303253174,0.9651917219161987,-0.6110225915908813,0.03539339080452919
tumor,data/brain_tumor/Testing/pituitary/Te-piTr_0005.jpg,47c7effe2e98d694f7544d7488d1a5ce5280fa43cc5437943faf0c20405af396,pituitary,pituitary,0.9571526050567627,1,1,,6.839846966588681e-08,ok,maps/tumor_ac81f868cf4c.npy,0.20949828624725342,0.9571525454521179,-0.7476542592048645,0.0436837412416935
tumor,data/brain_tumor/Testing/pituitary/Te-pi_0029.jpg,ad64545a79954601bd908e93479e11be763c454bba61d87b7bb11ca0d66a2b9e,pituitary,pituitary,0.5713276267051697,1,0,lowest-confidence correct,8.488218391500268e-07,ok,maps/tumor_66be01397761.npy,0.41422873735427856,0.5713276267051697,-0.1570988893508911,0.08493253588676453
tumor,data/brain_tumor/Testing/pituitary/Te-pi_0032.jpg,a42ead635ebc2449b2e5487bc48d39cd09c178f5b74df9492358aa650d535d46,pituitary,pituitary,0.9004656076431274,1,1,,3.5292596164970824e-08,ok,maps/tumor_9beadb54a290.npy,0.5110958814620972,0.7004655599594116,-0.18936967849731445,0.052440300583839417
tumor,data/brain_tumor/Testing/pituitary/Te-pi_0054.jpg,7f2491517a7dd89e580bbd9a8bf752dfc0d91f7ad145b631c3fa6308319b3126,pituitary,pituitary,0.9539054036140442,1,1,,5.99253291710955e-08,ok,maps/tumor_65422afdd3a3.npy,0.1360650658607483,0.7539054155349731,-0.6178403496742249,0.06562355905771255
tumor,data/brain_tumor/Testing/pituitary/Te-pi_0056.jpg,60467e039fa4792007cc267717adea470a84c8e2643ee673e3cbbe562febd085,pituitary,pituitary,0.9546772837638855,1,1,,4.4761377108321065e-08,ok,maps/tumor_b40cbee30962.npy,0.009804069995880127,0.7546772956848145,-0.7448732256889343,0.09325007349252701
tumor,data/brain_tumor/Testing/pituitary/Te-pi_0057.jpg,9551993deef67b63c1636ff187a8da8a4f54647d1375d47eac39d8130b4b8a84,pituitary,pituitary,0.933801531791687,1,1,,4.581559070321317e-08,ok,maps/tumor_d2ee89d8e657.npy,0.07519739866256714,0.933801531791687,-0.8586041331291199,0.07832986861467361
tumor,data/brain_tumor/Testing/pituitary/Te-pi_0058.jpg,a96e6bad030f1c8528abb32719201db07442e1b63c9c6a8ec791ed86b236ccf0,pituitary,pituitary,0.9634210467338562,1,1,,3.858199659756423e-08,ok,maps/tumor_810c14d5f0a0.npy,0.15437161922454834,0.9634210467338562,-0.8090494275093079,0.046256907284259796
tumor,data/brain_tumor/Testing/pituitary/Te-pi_0078.jpg,7c555c698cc2c40cb2e663246d5691ed6f5126fe20a0c4d5af32687af71c892b,pituitary,pituitary,0.901483416557312,1,1,,1.1836971758327763e-07,ok,maps/tumor_ede94b547702.npy,0.84401935338974,0.901483416557312,-0.05746406316757202,0.034524012356996536
tumor,data/brain_tumor/Testing/pituitary/Te-pi_0080.jpg,b6cf57e3cd909b35ae9e6911080e0492cdc5fca0e3050351ac3fb11fc36caf23,pituitary,pituitary,0.9632744193077087,1,1,,5.941853447807843e-08,ok,maps/tumor_4d00b43e5935.npy,0.22348880767822266,0.7632744312286377,-0.539785623550415,0.048080142587423325
tumor,data/brain_tumor/Testing/pituitary/Te-pi_0081.jpg,a7d1a1c3ecd0d2c3a2e10fcb200ae44d508d5642b64153773bd07de34df7becb,pituitary,pituitary,0.9365391135215759,1,1,,8.780936588959065e-08,ok,maps/tumor_9683a674644a.npy,0.09604078531265259,0.9365390539169312,-0.8404982686042786,0.07944761216640472
tumor,data/brain_tumor/Testing/pituitary/Te-pi_0082.jpg,8ec953998bd021a1570ef633b7c3a8b3833f92724b678ec773a6927b131fb336,pituitary,pituitary,0.9722133874893188,1,1,,7.515188060747136e-08,ok,maps/tumor_7ec81e71a0b5.npy,0.29414284229278564,0.572213351726532,-0.27807050943374634,0.04631059989333153
tumor,data/brain_tumor/Testing/pituitary/Te-pi_0091.jpg,e655e5ca585d38c59b22513f6f9c179ddb1bd747d9baf9dd1c1d58d5ec4e4e3e,pituitary,pituitary,0.9684939980506897,1,1,,2.886336947227619e-08,ok,maps/tumor_2be898bf84ac.npy,0.09536463022232056,0.9684940576553345,-0.8731294274330139,0.05161883682012558
tumor,data/brain_tumor/Testing/pituitary/Te-pi_0101.jpg,80ebc09cffdeaf7bebcdfa5cf687cf4ae20cf44b7886a38f6108df4207a4b74e,pituitary,pituitary,0.9716865420341492,1,1,,3.1669523026592317e-08,ok,maps/tumor_6601b1922e12.npy,0.08152532577514648,0.7716865539550781,-0.6901612281799316,0.0420074462890625
tumor,data/brain_tumor/Testing/pituitary/Te-pi_0128.jpg,6ed207453a197ca96066484bab2e34c76e1a8adbb14692652586d0bbd989b790,pituitary,pituitary,0.9009254574775696,1,1,,1.6035478889175891e-07,ok,maps/tumor_dc9be45343c2.npy,0.2068030834197998,0.8988317251205444,-0.6920286417007446,0.06221221759915352
tumor,data/brain_tumor/Testing/pituitary/Te-pi_0134.jpg,d679b0a86ae1e498256247b1609e948683c2a03b145865b4f5aca4059ef75d47,pituitary,pituitary,0.9731235504150391,1,1,,3.673672077653123e-08,ok,maps/tumor_b3809c86ca0f.npy,0.29854530096054077,0.773123562335968,-0.47457826137542725,0.0377807654440403
tumor,data/brain_tumor/Testing/pituitary/Te-pi_0136.jpg,fb424c61ecbca46e066ef224a840007eaa83ef511a84a5f2495fae72d7df6212,pituitary,pituitary,0.9659378528594971,1,1,,8.096396875156842e-08,ok,maps/tumor_c9cab5a7faa2.npy,0.2219182848930359,0.565937876701355,-0.3440195918083191,0.07648295909166336
tumor,data/brain_tumor/Testing/pituitary/Te-pi_0150.jpg,bc4e34e05cbe073f28b8db938bf363cc6f2bfd6607c21b15f39210bed50e8ed8,pituitary,pituitary,0.908032238483429,1,1,,1.3781405261426016e-07,ok,maps/tumor_3c927547107e.npy,0.05963277816772461,0.7080322504043579,-0.6483994722366333,0.055841200053691864
tumor,data/brain_tumor/Testing/pituitary/Te-pi_0152.jpg,c90909b94bba2f69789aac31f3ac68f2f32ee5bb7c9c30320a5112b0710e8474,pituitary,pituitary,0.897079348564148,1,1,,7.423700348896389e-08,ok,maps/tumor_a77be59d22fc.npy,0.24058276414871216,0.6970793604850769,-0.45649659633636475,0.047024667263031006
tumor,data/brain_tumor/Testing/pituitary/Te-pi_0174.jpg,7a1d26f1a074c0d92c714111b7e5dcf0450ad67c391c70c687f5c1a94159b1f7,pituitary,pituitary,0.9602388143539429,1,1,,3.8454558093370395e-08,ok,maps/tumor_733e8f91af77.npy,0.42597365379333496,0.9602388143539429,-0.5342651605606079,0.04479410499334335
tumor,data/brain_tumor/Testing/pituitary/Te-pi_0191.jpg,5c793fc76736c066970d62fea6d16237718e3dd0999cc0175d10e9d5c3076c9e,pituitary,pituitary,0.967414379119873,1,1,,7.568189330786623e-08,ok,maps/tumor_2c25383ac1a0.npy,0.26412010192871094,0.967414379119873,-0.7032942771911621,0.04006936028599739
tumor,data/brain_tumor/Testing/pituitary/Te-pi_0195.jpg,bc62347bd5cd45768832fcc2b92af0aae0fcee469f4a1e8e7d2e066e0146b72c,pituitary,pituitary,0.9680323004722595,1,1,,1.5326355962130833e-08,ok,maps/tumor_14062723c38a.npy,0.09268635511398315,0.9680322408676147,-0.8753458857536316,0.07079475373029709
tumor,data/brain_tumor/Testing/pituitary/Te-pi_0197.jpg,04afbe78bbaf1181c42852737194bd674f8ab99a973dc715b590e8584886cd77,pituitary,pituitary,0.95026695728302,1,1,,2.601653588049646e-08,ok,maps/tumor_ec23afc2e3e8.npy,0.09165102243423462,0.95026695728302,-0.8586159348487854,0.06479708105325699
tumor,data/brain_tumor/Testing/pituitary/Te-pi_0216.jpg,c1a952804be74a3a0478fcbfb831c860776d7b8415ea142befba9c91aa467c62,pituitary,pituitary,0.9505292773246765,1,1,,2.8327980849951473e-08,ok,maps/tumor_b08afcfa8c2d.npy,0.6171870827674866,0.9505292773246765,-0.33334219455718994,0.07525232434272766
tumor,data/brain_tumor/Testing/pituitary/Te-pi_0222.jpg,d96cdaacef10d3910a5c37f5667db516f63e2f952a579cffc0204c340185dca1,pituitary,pituitary,0.8413662910461426,1,1,,4.554056050320998e-08,ok,maps/tumor_bf64409b5f3f.npy,0.027335405349731445,0.6413663029670715,-0.6140308976173401,0.048073429614305496
tumor,data/brain_tumor/Testing/pituitary/Te-pi_0232.jpg,932d32e91e54bb09af184952f3fb6b9b53e62bb7fea633dd2a4123c69dd4411c,pituitary,pituitary,0.9546124339103699,1,1,,2.2499758259644786e-08,ok,maps/tumor_0e6da7ba8062.npy,0.4703698456287384,0.9546124339103699,-0.48424258828163147,0.05813755840063095
tumor,data/brain_tumor/Testing/pituitary/Te-pi_0239.jpg,92a275b3d58569a84cddf414582822b6c28b641cda4f24a8ffedd29a229c5100,pituitary,pituitary,0.9687972664833069,1,1,,7.8496854127863e-08,ok,maps/tumor_e458bfed8b28.npy,0.3829658031463623,0.7687972784042358,-0.38583147525787354,0.07986149936914444
tumor,data/brain_tumor/Testing/pituitary/Te-pi_0256.jpg,b98e236fba3fdd7d257b4c2d99d945129c35b1b98af5cc37ac2595cc4822d3b6,pituitary,pituitary,0.9615893959999084,1,1,,1.1090690170065254e-08,ok,maps/tumor_6ab4c912b849.npy,0.06678736209869385,0.9615894556045532,-0.8948020935058594,0.06071095168590546
tumor,data/brain_tumor/Testing/pituitary/Te-pi_0259.jpg,abbc6f47f620be43d8ec9daef00b84dd2d845bb8dbb6ca09bd8b1e24efb24a34,pituitary,pituitary,0.9437899589538574,1,1,,5.5044272029292074e-08,ok,maps/tumor_61cae9ea548c.npy,0.4260546565055847,0.9437899589538574,-0.5177353024482727,0.07054624706506729
tumor,data/brain_tumor/Testing/pituitary/Te-pi_0270.jpg,b4f7abb3b64949a4ba60956cc1b063798b914fc6adbce8ccdb01a5708c60f073,pituitary,pituitary,0.9733685851097107,1,1,,5.665751179328993e-08,ok,maps/tumor_d77164b5a198.npy,0.2072749137878418,0.9733685255050659,-0.7660936117172241,0.07610476762056351
tumor,data/brain_tumor/Testing/pituitary/Te-pi_0274.jpg,deff4d1cfe1acabec546258d7e9f0ec1e2dfbf9f074f063c7906100564d66d2f,pituitary,pituitary,0.9801222085952759,1,1,,5.203016373300784e-08,ok,maps/tumor_beb18d175981.npy,0.1352252960205078,0.9801222085952759,-0.8448969125747681,0.04241921380162239
tumor,data/brain_tumor/Testing/pituitary/Te-pi_0283.jpg,99b2d72e29c28542b7d3033e1e412464d6c834866e843a45280b09a4e7a3a1aa,pituitary,pituitary,0.9344594478607178,1,1,,8.352768243735653e-08,ok,maps/tumor_3d2f80e78f05.npy,0.4204184412956238,0.7344594597816467,-0.31404101848602295,0.04173395410180092
tumor,data/brain_tumor/Training/notumor/Tr-no_0069.jpg,f2d9f0979df98ce2e4aab669d3c141ca02ebce9eb15775267bfd6d4eae2a7d7f,notumor,notumor,0.9475241899490356,1,1,,2.633956848463459e-08,ok,maps/tumor_6d050acdc1ca.npy,0.06057685613632202,0.9475241899490356,-0.8869473338127136,0.1529056578874588
tumor,data/brain_tumor/Training/notumor/Tr-no_0091.jpg,19d1e5fece32f25cffe40d78ee005f41ff3c2598c7765ed122ffb29518274326,notumor,glioma,0.9332777261734009,0,1,,1.3485457439621484e-07,ok,maps/tumor_10dda73ec7d1.npy,0.652280330657959,0.33327773213386536,0.31900259852409363,0.05759478360414505
tumor,data/brain_tumor/Training/notumor/Tr-no_0113.jpg,220816d55783431f776d10ccd11ebda7aa823602de035f0f07d0d7cd780cfa0f,notumor,notumor,0.9482276439666748,1,1,,1.5276731579749736e-07,ok,maps/tumor_7d353e9f5d58.npy,0.05623060464859009,0.9480949640274048,-0.8918643593788147,0.1279243379831314
tumor,data/brain_tumor/Training/notumor/Tr-no_0302.jpg,c4c847d6e586faffcadf669ff0a9a608542741edc3a387040c059df1bb7052bb,notumor,notumor,0.9574132561683655,1,1,,1.7479691434216238e-07,ok,maps/tumor_01947248d1b5.npy,0.9272221326828003,0.9574133157730103,-0.03019118309020996,0.14513355493545532
tumor,data/brain_tumor/Training/notumor/Tr-no_0349.jpg,ff1df5849a35548de3ed553bc8c927511045cce13c42a2159c62f546c52230c9,notumor,notumor,0.9248916506767273,1,1,,1.898418178214456e-07,ok,maps/tumor_5035fbcab7af.npy,0.16400843858718872,0.9248916506767273,-0.7608832120895386,0.14226838946342468
tumor,data/brain_tumor/Training/notumor/Tr-no_0353.jpg,d08b052913eb262dfd31fdd6d7ca904c5343087cdc458ca928c9e85bf41bf388,notumor,notumor,0.9612537026405334,1,1,,6.459981960471595e-08,ok,maps/tumor_f46a33823c5d.npy,0.01299428939819336,0.9612537622451782,-0.9482594728469849,0.19955268502235413
tumor,data/brain_tumor/Training/notumor/Tr-no_1084.jpg,f2d9f0979df98ce2e4aab669d3c141ca02ebce9eb15775267bfd6d4eae2a7d7f,notumor,notumor,0.9475241899490356,1,1,,2.633956848463459e-08,ok,maps/tumor_5306bfb8acbd.npy,0.06057685613632202,0.9475241899490356,-0.8869473338127136,0.1529056578874588
tumor,data/brain_tumor/Training/notumor/Tr-no_1094.jpg,df46c96890474f2ec5f08aa2c32e6bc1c6b5685f8b913501f954a515a6de02fa,notumor,notumor,0.9465420842170715,1,1,,2.208818405610713e-08,ok,maps/tumor_195db0742830.npy,-0.009379565715789795,0.9465420842170715,-0.9559216499328613,0.12489639222621918
tumor,data/brain_tumor/Training/notumor/Tr-no_1162.jpg,0ff6650a53df2b89b4e569a7490843229227db14f5fc46fe99afdc789d058796,notumor,notumor,0.9373067021369934,1,1,,6.983478606503724e-08,ok,maps/tumor_d6a97883e323.npy,0.004921317100524902,0.7373067140579224,-0.7323853969573975,0.187150239944458
tumor,data/brain_tumor/Training/pituitary/Tr-pi_0701.jpg,b5e17076d1427e41a618f92bc72100c1be4df26608223512aac51c911ac1eb88,pituitary,pituitary,0.9531521201133728,1,1,,1.7695128917694092e-08,ok,maps/tumor_caf75bdc684b.npy,0.0017219185829162598,0.5531521439552307,-0.5514302253723145,0.07337114214897156
dementia,data/alzheimers/MildDemented/0a0d76a0-9c31-4c5e-bc37-9d050a7a4a7a.jpg,439c9ecdabe6d9098ced79f9b2fda765141d07c6c873867a4abb1752844d56d3,MildDemented,MildDemented,0.9702702164649963,1,1,,5.150716697599478e-08,ok,maps/dementia_eec6ff643579.npy,0.009268581867218018,0.9020739793777466,-0.8928053975105286,0.4246906042098999
dementia,data/alzheimers/MildDemented/0a302733-c703-4541-8668-ae38425487b9.jpg,45c1a107b34be8d1783989d03f87161e249034ebe89db66a99fd643e50c26fa5,MildDemented,MildDemented,0.9713592529296875,1,1,,7.418120728797106e-08,ok,maps/dementia_438605bbf11b.npy,0.9563636779785156,0.8856290578842163,0.07073462009429932,0.21126623451709747
dementia,data/alzheimers/MildDemented/0bf9c6f1-cc35-4fc8-8c7c-ceea6332c67b.jpg,bfcb9c6949cc0573d3338e9a541ca6c1e00bc15d0a2a272af80964238e7e24bc,MildDemented,MildDemented,0.9651063680648804,1,1,,2.680073897878832e-08,ok,maps/dementia_12eb9f9e2978.npy,0.47061920166015625,0.9032469987869263,-0.43262779712677,0.24342012405395508
dementia,data/alzheimers/MildDemented/0c415d56-5160-457d-ae28-f2b93ebc8dec.jpg,e87556aa058882f7fa0e1d7a9b0241fe7167acc12e82ae1c269e281da3c770ba,MildDemented,MildDemented,0.9627217650413513,1,1,,4.0221437210344324e-08,ok,maps/dementia_319ddc8a0b08.npy,0.042027950286865234,0.8750084042549133,-0.8329804539680481,0.4423624575138092
dementia,data/alzheimers/MildDemented/1abf0297-365d-4d93-99e9-1a99d5ae084b.jpg,31a6ec90995f5e0c81db35a972b8860d46f93b0a0ef9c97b23ef97f33cdea4df,MildDemented,MildDemented,0.9680357575416565,1,1,,1.7981758715368557e-07,ok,maps/dementia_6c22201c7f78.npy,-0.004225373268127441,0.7650833129882812,-0.7693086862564087,0.31699827313423157
dementia,data/alzheimers/MildDemented/1c0c8494-9ed4-4293-b150-f1ffc6f7a03e.jpg,6108b2a61905bfee6619e12cdd9ea17be7789c8b938263547b1ca20b61d37bac,MildDemented,MildDemented,0.9637199640274048,1,1,,3.243106443812094e-08,ok,maps/dementia_68ca338e4a77.npy,0.8281923532485962,0.7807638645172119,0.04742848873138428,0.15296852588653564
dementia,data/alzheimers/MildDemented/1dfb8547-3abe-44f5-8abb-6c688271decd.jpg,7b55ef0dd5335693566089b08ad537f2376fc75799ab8350b145f72c506b5c4e,MildDemented,MildDemented,0.9308651089668274,1,1,,4.7575633566054876e-07,ok,maps/dementia_68f2a1efcd6a.npy,0.1612963080406189,0.14183399081230164,0.01946231722831726,0.13347329199314117
dementia,data/alzheimers/MildDemented/1fbf1b1a-0fd2-4cf0-8e2f-8a2eb4f1e0cd.jpg,113e2d12a571f442833dda6c26a352ab0dcbedbcc3ba3a012ba9267aa105ca42,MildDemented,MildDemented,0.9711819291114807,1,1,,9.497077446685154e-08,ok,maps/dementia_63ad63b4368f.npy,0.12448316812515259,0.8026175498962402,-0.6781343817710876,0.1771511286497116
dementia,data/alzheimers/MildDemented/26df343c-7bf4-449d-b2a1-e8d82e571d7d.jpg,0a95b2590ce5e660dd09e34c5fc6c29b60e9d991c84718bb1731b0f1efa0096f,MildDemented,MildDemented,0.9633231163024902,1,1,,1.9618497555662362e-08,ok,maps/dementia_266c08daf32b.npy,0.5934282541275024,0.8508484959602356,-0.25742024183273315,0.16618449985980988
dementia,data/alzheimers/MildDemented/340f42d5-33c8-4928-95fa-4a51340245d3.jpg,92563aa598ff77694f5affd175c94b892b6c2663e9c4154bbac1724d1c38bec1,MildDemented,MildDemented,0.9717679619789124,1,1,,2.0651106517541318e-08,ok,maps/dementia_3ac509da7f82.npy,0.9332597255706787,0.8731036186218262,0.06015610694885254,0.2107427418231964
dementia,data/alzheimers/MildDemented/3a490946-1f4d-42fe-973d-dc884c0ac3f8.jpg,e806a6270e32d8912ce807e2ec98f5ef956b6741aebf699db141e50830763315,MildDemented,MildDemented,0.9765533804893494,1,1,,1.1648083120263664e-07,ok,maps/dementia_206b03501825.npy,0.6027539968490601,0.5861035585403442,0.01665043830871582,0.18260574340820312
dementia,data/alzheimers/MildDemented/3b272447-99c1-4609-a593-27127f89f955.jpg,d7850c72b2ab0a5b77359b2b2244b6f710112c99baabc024c7d6b2ee136157af,MildDemented,MildDemented,0.9557900428771973,1,1,,2.9267694996726323e-08,ok,maps/dementia_6835c41b850c.npy,0.04192197322845459,0.8521528244018555,-0.8102308511734009,0.224944069981575
dementia,data/alzheimers/MildDemented/3c6d3bfd-1069-4c66-b9da-77d5efbc383b.jpg,423993b65ddb8c042713e5a892d03110f6c8f9b17655c3ffdd77d921561124b4,MildDemented,MildDemented,0.9721977114677429,1,1,,4.6176915624585035e-08,ok,maps/dementia_118aac329786.npy,0.5859780311584473,0.41547274589538574,0.17050528526306152,0.1409187912940979
dementia,data/alzheimers/MildDemented/3eee2164-cf1a-41fa-99ee-316dfee93467.jpg,b609adb3c046105fbbf28e642be839dab064ded245e6e1579149a4f7e8a13e54,MildDemented,MildDemented,0.9732913970947266,1,1,,6.538663400654232e-09,ok,maps/dementia_6ae2a10b4460.npy,0.6963921785354614,0.7638466954231262,-0.0674545168876648,0.2883530259132385
dementia,data/alzheimers/MildDemented/42525408-c3d7-458e-bd7b-8cb775a06e50.jpg,4e1bfb16ab8740b70f966d80867a4fe4d6b360c01bd8ddff1377be5587b2d006,MildDemented,MildDemented,0.964606523513794,1,1,,3.952783089733458e-08,ok,maps/dementia_83b75c8b3d2b.npy,0.2771744132041931,0.3963471055030823,-0.11917269229888916,0.3393363654613495
dementia,data/alzheimers/MildDemented/49524aaa-f834-4ab8-bc32-b8391d593bec.jpg,ed019b6d2cafc13b0d464e9bb2911d140dd4420a40b150c76f943621516ce762,MildDemented,MildDemented,0.9522597789764404,1,1,,1.5132124675520942e-07,ok,maps/dementia_5fc0269033cd.npy,0.7230528593063354,0.7845342755317688,-0.06148141622543335,0.14972500503063202
dementia,data/alzheimers/MildDemented/754b9da9-e946-490f-aa0b-368fe25578fb.jpg,81bcd929a71f30ec3ffc22b75d29c1deaabfbc403562f580d0327ee7a2759d64,MildDemented,MildDemented,0.961063027381897,1,1,,1.5045911103822585e-08,ok,maps/dementia_8fde3f8892e7.npy,0.1001926064491272,0.7788658142089844,-0.6786732077598572,0.2893666625022888
dementia,data/alzheimers/MildDemented/76413e69-1201-424c-b219-a91fcf41f613.jpg,d69a10c6da7b1f655ea928f9fd5dfb0b2ca24e9742faf7ec1b723ebff0db44c8,MildDemented,MildDemented,0.9694533348083496,1,1,,1.1243773700986281e-07,ok,maps/dementia_c28c571691cd.npy,0.48029783368110657,0.7426536679267883,-0.26235583424568176,0.22439447045326233
dementia,data/alzheimers/MildDemented/8c7630c9-0709-40dc-9c64-f40365b601c3.jpg,b1991f6981cc3889e8109723b29ff8f569d3045c5d9f8b7846853e9bd3c728b5,MildDemented,MildDemented,0.9546450972557068,1,1,,1.4058339115052831e-07,ok,maps/dementia_dcdea10933c1.npy,-0.010657191276550293,0.44131821393966675,-0.45197540521621704,0.5248688459396362
dementia,data/alzheimers/MildDemented/96320a64-e53e-44d3-8e29-8ebebe3df902.jpg,482e9a2a83fa542bff174e6f0961b002fc9f9966c6e873eb7894689089a47064,MildDemented,MildDemented,0.9686051607131958,1,1,,1.952859218605496e-08,ok,maps/dementia_b8eb5b230545.npy,0.016527235507965088,0.6599611043930054,-0.6434338688850403,0.4589548707008362
dementia,data/alzheimers/MildDemented/9a2a4ffa-9b4f-498b-ae9d-1921ed32f560.jpg,3bc58e6cb91871a276ba6e4bad274e3f6f7b8f62e27ea61d168cd30a563014eb,MildDemented,MildDemented,0.9603049755096436,1,1,,8.496360925924762e-08,ok,maps/dementia_51d230347ef3.npy,0.017074525356292725,0.8156054615974426,-0.7985309362411499,0.3547239303588867
dementia,data/alzheimers/MildDemented/a2ef448b-e707-483c-9303-7b1932382819.jpg,5cb6f773e156709d2362f515596d135015dfaa801a10e1dd1079ba115c0a667a,MildDemented,MildDemented,0.9783385396003723,1,1,,6.378040962040643e-08,ok,maps/dementia_31b7f167f751.npy,0.02505016326904297,0.8209332227706909,-0.795883059501648,0.16434219479560852
dementia,data/alzheimers/MildDemented/a628183b-d5f7-4b55-97b5-0a89b4db1dbf.jpg,a563fc991a43b46905837278e1dbb05a61fc79a16be32fc1cac6daaafeb680ba,MildDemented,MildDemented,0.9596723318099976,1,1,,3.128175674049771e-08,ok,maps/dementia_61164aee06e3.npy,0.9068681597709656,0.6316496729850769,0.27521848678588867,0.09210611879825592
dementia,data/alzheimers/MildDemented/aug_9891_mildDem644.jpg,de99cb926960e1f93914000e1110684bf196b42f811962aff90fcf305c9e493a,MildDemented,MildDemented,0.8230551481246948,1,0,lowest-confidence correct,4.5621774757975686e-07,ok,maps/dementia_6bdd6ff19967.npy,0.6891205906867981,0.3693122863769531,0.31980830430984497,0.11780966073274612
dementia,data/alzheimers/MildDemented/aug_9911_b658960d-2ef1-4ca9-a1ed-90cf02021b4f.jpg,ceda706f9f468e8f73dca07729dc485d00e94809e5d3aba6ab9a15b3cc550505,MildDemented,MildDemented,0.9623971581459045,1,1,,9.859324245908851e-09,ok,maps/dementia_204b5b5a6855.npy,0.16929024457931519,0.8962200880050659,-0.7269298434257507,0.2636380195617676
dementia,data/alzheimers/MildDemented/b265038c-5ee1-4130-aeec-6d390590a209.jpg,6205c38151423ef027715e8856096df4dd7509372149c827ada9561eb7dc2785,MildDemented,MildDemented,0.9659463167190552,1,1,,1.30385160446167e-08,ok,maps/dementia_112c80d74bc5.npy,0.33722633123397827,0.6173575520515442,-0.2801312208175659,0.17513754963874817
dementia,data/alzheimers/MildDemented/ba283739-dab0-4957-b1d1-546713d19ad8.jpg,f68c334ed1dadf5aea277e72fffd1e11b4302b101c7acb11773459fb049d3a0c,MildDemented,MildDemented,0.9682567119598389,1,1,,4.328444991319458e-08,ok,maps/dementia_5085d8c48457.npy,0.45834553241729736,0.6817352771759033,-0.22338974475860596,0.3248906433582306
dementia,data/alzheimers/MildDemented/c0f5109d-453a-421a-bea1-0a4c973f7877.jpg,a9091f3f89dfdf79b64aede9d1fb942ec2a64728d1e1dc1d399c8902e22ae1cc,MildDemented,MildDemented,0.9725808501243591,1,1,,4.302485689944291e-08,ok,maps/dementia_f23c65db3a56.npy,0.6855596303939819,0.1245674267411232,0.5609922036528587,0.3300497531890869
dementia,data/alzheimers/MildDemented/c461ff33-860d-4eb3-bb64-932532848ce1.jpg,58b5e4e40342e94d9b19b1954a9d64dc7d12fa1f9830bd6a9514a40dd357e867,MildDemented,MildDemented,0.9661991596221924,1,1,,5.150605741910397e-08,ok,maps/dementia_2f8b1a3e7699.npy,0.036033570766448975,0.5461057424545288,-0.5100721716880798,0.43465861678123474
dementia,data/alzheimers/MildDemented/c86b57a1-7ca4-453c-8ab2-66139c2eca37.jpg,0d72dcfceeecf0ffcdd8e63ec699f22578268c57b6300bb3698f744599aecc48,MildDemented,MildDemented,0.9478363990783691,1,1,,1.5190990454438946e-07,ok,maps/dementia_d8781ef8ecc5.npy,0.5744205713272095,0.8006799817085266,-0.22625941038131714,0.13801608979701996
dementia,data/alzheimers/MildDemented/c915ed75-64f7-4b2d-8bb5-aff1dbde9917.jpg,3c26e9b2cdc90f7872ef4cbf3331e4841f926fe0c1ca8195cbbe214cc53f3f32,MildDemented,MildDemented,0.9575304985046387,1,1,,9.89864545886121e-08,ok,maps/dementia_ee9806ee4437.npy,0.6498308181762695,0.44366884231567383,0.2061619758605957,0.1922626942396164
dementia,data/alzheimers/MildDemented/c9635f4f-94d1-4e84-9cb2-0c10e63b33e6.jpg,f099132791834dab29189571e1ec6a4f8b267fdd9b80ce6c6dad3da942ad1185,MildDemented,MildDemented,0.9687685966491699,1,1,,2.6164845179366125e-08,ok,maps/dementia_28ffa53e48e8.npy,0.5903036594390869,0.8303812742233276,-0.24007761478424072,0.2228786200284958
dementia,data/alzheimers/MildDemented/ec212624-f1cf-4316-8433-f4a62b827adb.jpg,3a03ba9301f547f1c69753e959b075844b2e18e9b08fab567b8cc7c5caf92cff,MildDemented,VeryMildDemented,0.5742578506469727,0,0,highest-confidence error,3.2305527358778008e-06,ok,maps/dementia_e4397a526434.npy,0.046425044536590576,0.12951233983039856,-0.08308729529380798,0.050389207899570465
dementia,data/alzheimers/MildDemented/f8574c8d-0233-466f-ae9c-71aaacc47f0d.jpg,bd2e621e8937d48949871540725dea3d71b9a188bd01247607e7aa3dceb722cb,MildDemented,MildDemented,0.9775213003158569,1,1,,1.3927708166459885e-08,ok,maps/dementia_5b0cf2eb3aff.npy,0.8983486890792847,0.8173539042472839,0.08099478483200073,0.12765003740787506
dementia,data/alzheimers/ModerateDemented/030c9c18-ceaa-4785-9457-af810a06cadf.jpg,e0d654a40bda021413c92410e7d8e7e38e68f10b67e856e1df892a2092e08f1b,ModerateDemented,ModerateDemented,0.9607971906661987,1,1,,5.7467257397192384e-08,ok,maps/dementia_6daf0d0d618c.npy,0.8842614889144897,0.9399043917655945,-0.055642902851104736,0.1992938071489334
dementia,data/alzheimers/ModerateDemented/10ced415-a333-4f69-b747-bf1c0b12e47a.jpg,7a274cc8aea9f61c721998a87ccc7a6e849caf02ecf7ee9c48ede0c584697c9b,ModerateDemented,ModerateDemented,0.9740515351295471,1,1,,4.37130760651272e-08,ok,maps/dementia_6405bc9d0bf8.npy,0.13694846630096436,0.7369634509086609,-0.6000149846076965,0.18403173983097076
dementia,data/alzheimers/ModerateDemented/2362c8d6-4f3c-4dc8-9af4-674a7084cf00.jpg,ac0992f0d2b278dcacbba71d56af7ca7989144fa3a5d01f12c1e8f67655e3989,ModerateDemented,ModerateDemented,0.9713379740715027,1,1,,2.4349072954080175e-08,ok,maps/dementia_7625b2bac8b5.npy,0.15772253274917603,0.9002014994621277,-0.7424789667129517,0.18719393014907837
dementia,data/alzheimers/ModerateDemented/24e703ce-f125-4421-a2c2-ac8dd26b2a87.jpg,7c6019f34a66913575cc9228468948fcc3b80339b5cea7e9c0b75947bc518d16,ModerateDemented,ModerateDemented,0.9688628315925598,1,1,,3.050461299010376e-08,ok,maps/dementia_088821aa0944.npy,0.840221643447876,0.9443323016166687,-0.10411065816879272,0.18719899654388428
dementia,data/alzheimers/ModerateDemented/26ad45c3-e0ed-4433-ad92-d9b4517cee45.jpg,d513d9dc8f12aeb1efa4f001298efbd966bdb51b9c2e76f134f9df50ee2b3f2e,ModerateDemented,ModerateDemented,0.9662079811096191,1,1,,1.0031241415298098e-07,ok,maps/dementia_986fc2adcfe6.npy,0.5588330626487732,0.9309524297714233,-0.37211936712265015,0.21597334742546082
dementia,data/alzheimers/ModerateDemented/2d24c99f-474a-4134-a4c1-25dec79a901b.jpg,5d125f9766c92a7a7fa57cd39240a2e5f1d688643851bb385e3a75edf36720ff,ModerateDemented,ModerateDemented,0.9625135660171509,1,1,,4.8406170627401934e-08,ok,maps/dementia_c417f1faf31e.npy,0.7876486778259277,0.9435606002807617,-0.15591192245483398,0.21479573845863342
dementia,data/alzheimers/ModerateDemented/3a4c6ecd-5ab2-4657-8fe3-329d018dcea6.jpg,bbfe2a334f1cde2f9c949ee0ae01e6954f99151ade1af37744235de86b973360,ModerateDemented,ModerateDemented,0.9659515023231506,1,1,,2.8118210315675185e-08,ok,maps/dementia_3dfcbe9e060a.npy,0.15585631132125854,0.9021604657173157,-0.7463041543960571,0.21715517342090607
dementia,data/alzheimers/ModerateDemented/3b86fb1b-0b9e-4864-b408-f53996c24c42.jpg,97de9caf28325b5973d69f129235451ddc7073129568bdd64c091a50bef9324e,ModerateDemented,ModerateDemented,0.9753780364990234,1,1,,2.997692138961838e-08,ok,maps/dementia_9c707154ea70.npy,0.04639798402786255,0.8968798518180847,-0.8504818677902222,0.19747035205364227
dementia,data/alzheimers/ModerateDemented/50c5d009-2f99-4449-95c9-1111cd6a9b6c.jpg,cdab42ef52110d0dc1618d9abc8310e40676af37c4481902929b2328ff297de4,ModerateDemented,ModerateDemented,0.971941351890564,1,1,,4.1638780645669726e-08,ok,maps/dementia_1f3fccbcc390.npy,0.020431578159332275,0.913962185382843,-0.8935306072235107,0.18913353979587555
dementia,data/alzheimers/ModerateDemented/65ebad28-837e-4471-9a02-5e27a7d0a00a.jpg,68e173a52246ababcdcb715fd6ac4ff6e2bdc54646b40952f4424e47d5793967,ModerateDemented,ModerateDemented,0.972027063369751,1,1,,4.526353525324822e-08,ok,maps/dementia_22b41f5ca729.npy,0.8195536136627197,0.9198107719421387,-0.10025715827941895,0.20261983573436737
dementia,data/alzheimers/ModerateDemented/6d4ccb6b-19e8-4f77-9325-c7cef3df1f7f.jpg,b2c6f54e0b2c7428d9f4fdbb9d233066457ee8ccab235f65ec46d5fc8dc797b6,ModerateDemented,ModerateDemented,0.9627940654754639,1,1,,6.36636969808535e-08,ok,maps/dementia_2945f8e71461.npy,0.09681236743927002,0.8930730819702148,-0.7962607145309448,0.19997376203536987
dementia,data/alzheimers/ModerateDemented/82343255-bef4-4b69-a06f-ab9b23d7dce5.jpg,8e72013a5acddbfffdc2e04bae24222d386e6015aefcfa0840b1e1c309f07920,ModerateDemented,ModerateDemented,0.9686737656593323,1,1,,7.229761034288629e-08,ok,maps/dementia_7b0cae9c754c.npy,0.7196983098983765,0.9480295181274414,-0.22833120822906494,0.19942022860050201
dementia,data/alzheimers/ModerateDemented/83ceaaef-e2f7-45b9-8c8c-cb70f6bc6374.jpg,53bcb7c8888332ea947873f5eb181acb47b17ff349f08b95c78cb0e4a0e35afa,ModerateDemented,ModerateDemented,0.9718289375305176,1,1,,3.982379570555139e-08,ok,maps/dementia_33d0a11fe93f.npy,0.7874596118927002,0.9419078826904297,-0.1544482707977295,0.2141243815422058
dementia,data/alzheimers/ModerateDemented/84b46e88-8c9e-4b80-b509-c8a6cdb88dab.jpg,a7039a0aec16d2fb34fc924a64a65c61cf3c2ff32a80cf0501590a9d966cef91,ModerateDemented,ModerateDemented,0.9729074835777283,1,1,,6.322900736321913e-08,ok,maps/dementia_6abf71af2a30.npy,0.6424713134765625,0.8984857797622681,-0.25601446628570557,0.2051047682762146
dementia,data/alzheimers/ModerateDemented/8b4597fa-ef1c-4b49-aad4-4ac5a0cf2beb.jpg,5d07d60af0c98eaaa04b06721b58994f6cbaaafd8a7b7d555a83ac6093600fb5,ModerateDemented,ModerateDemented,0.9749847650527954,1,1,,8.33144738615621e-09,ok,maps/dementia_9fabe795847a.npy,0.9000029563903809,0.8971409797668457,0.0028619766235351562,0.22221660614013672
dementia,data/alzheimers/ModerateDemented/949e8749-171d-4ae1-8af6-0469fd8ba3ed.jpg,22510635a6d3836e959467cb37073bda83425705d1a7397cd6c5f477097ef2ef,ModerateDemented,ModerateDemented,0.96999591588974,1,1,,5.787927483472122e-08,ok,maps/dementia_11fc6ab9a29d.npy,0.5670608878135681,0.9010432958602905,-0.3339824080467224,0.1809355467557907
dementia,data/alzheimers/ModerateDemented/a657a63e-8b25-4fe8-9e3d-8f5a8a1c64b1.jpg,19f759aa146fbbb94a3a075d4e725df823091df18ece9fd22f94d8bc4d814b13,ModerateDemented,ModerateDemented,0.978074312210083,1,1,,3.512308226032157e-08,ok,maps/dementia_8c1073037001.npy,0.8336288332939148,0.9526934623718262,-0.11906462907791138,0.19591780006885529
dementia,data/alzheimers/ModerateDemented/aug_6614_671510d2-c329-47ad-afa7-bc13b08999a5.jpg,3ae250e4518748347cd59df976eb05c9fd3d76e8a4462f7f7a9da293bc24d76a,ModerateDemented,ModerateDemented,0.9737792611122131,1,1,,5.577450723492916e-08,ok,maps/dementia_3430c2ad4bf4.npy,0.8955295085906982,0.9024806022644043,-0.006951093673706055,0.20712202787399292
dementia,data/alzheimers/ModerateDemented/aug_6706_c562f9c8-6604-4198-b76b-513bed4130b9.jpg,10cb3072eedfcd8dd36e81d91dce1b3b8053fe4d1efec51f05b4f2bda65ad59d,ModerateDemented,ModerateDemented,0.9669023752212524,1,1,,1.0986074472363327e-07,ok,maps/dementia_25805ec5d57c.npy,0.15155315399169922,0.9352725744247437,-0.7837194204330444,0.21024064719676971
dementia,data/alzheimers/ModerateDemented/aug_7525_e7e6f75f-ace2-4dc1-a024-6f6e5786b004.jpg,28e9ca389ec0c66b7065719b5086ef8653c6488d72439294b9218e7622976519,ModerateDemented,ModerateDemented,0.9648306369781494,1,1,,6.739263680444196e-08,ok,maps/dementia_c0db76501ff8.npy,0.2811708450317383,0.9337358474731445,-0.6525650024414062,0.1943906992673874
dementia,data/alzheimers/ModerateDemented/aug_8088_f278dc42-c13e-42ca-a3aa-77da322bce9a.jpg,de15cb5483e3a5502341261ee204f59ca3639e0eb448f5f2effa0b322b8543e4,ModerateDemented,ModerateDemented,0.9721312522888184,1,1,,2.2357300708680805e-08,ok,maps/dementia_5503ba67685b.npy,0.6617201566696167,0.9283720850944519,-0.2666519284248352,0.19644798338413239
dementia,data/alzheimers/ModerateDemented/aug_8237_a79c8153-51f3-459f-986b-ea35454badf7.jpg,38057a7d8b77f42b32cffc12e0b96399aafb1e4e4dddb7c6b3142c5a4dda7774,ModerateDemented,ModerateDemented,0.9694933295249939,1,1,,5.600552155371474e-08,ok,maps/dementia_ae43fde413d8.npy,0.6443449258804321,0.7728728652000427,-0.1285279393196106,0.22409984469413757
dementia,data/alzheimers/ModerateDemented/aug_8520_336ed5a5-4a2d-4a4a-8a6d-47693e9a3b2c.jpg,7d65f9238ea83869aceedfd1022082c38e3a2ca7d84a37b76d99e42739d0b74e,ModerateDemented,ModerateDemented,0.9315065741539001,1,0,lowest-confidence correct,4.11159784441395e-07,ok,maps/dementia_c2785253ecc2.npy,0.8141460418701172,0.8226768374443054,-0.008530795574188232,0.16352945566177368
dementia,data/alzheimers/ModerateDemented/aug_9153_3b052a8e-058a-4cba-a3f4-eb309be4252d.jpg,f9a88859dbe2d473dbd8926125a359d6da9f33bb085eb90d9c24763cf4a96d56,ModerateDemented,ModerateDemented,0.9656010270118713,1,1,,4.1367159364646966e-08,ok,maps/dementia_05613240fa03.npy,0.36643195152282715,0.938132107257843,-0.5717001557350159,0.24015529453754425
dementia,data/alzheimers/ModerateDemented/aug_9450_79af2731-0861-4989-a429-e88c45960600.jpg,a6240d178b969abd92b237b8089e0b914a27cfa4741dd5d89d6f6cf3a06fcbc9,ModerateDemented,ModerateDemented,0.96865314245224,1,1,,6.585538780967681e-08,ok,maps/dementia_83e46b2a1d0d.npy,0.30097538232803345,0.9252893328666687,-0.6243139505386353,0.2058788239955902
dementia,data/alzheimers/ModerateDemented/aug_9731_9b2c05ae-dc64-43b3-b801-a2a64ac3362a.jpg,73f17bf34986a2fcc37e1ef6a9c82b7adce951ca6893c9ec2ef428842a8c4442,ModerateDemented,ModerateDemented,0.9706459045410156,1,1,,1.0169823916328369e-07,ok,maps/dementia_e608e543b5d2.npy,0.06553786993026733,0.8941128849983215,-0.8285750150680542,0.18274018168449402
dementia,data/alzheimers/ModerateDemented/aug_9779_332a8413-44d0-45e5-9787-1d1acaecb03e.jpg,0be457eb857fdc786bdcd75e300b68c4aa73b17524bab2a79baff8fdc2ee21d0,ModerateDemented,ModerateDemented,0.971825361251831,1,1,,1.951896325819158e-08,ok,maps/dementia_0ea7c086a532.npy,0.43208611011505127,0.9085715413093567,-0.4764854311943054,0.190832257270813
dementia,data/alzheimers/ModerateDemented/b9a03f3f-1f67-4f34-a3c9-0896c7d9b890.jpg,b266343f4ef9b191162ac08f2992612fc9b207134c843533e70cc651bac05f49,ModerateDemented,ModerateDemented,0.970110297203064,1,1,,1.7166227106457654e-08,ok,maps/dementia_acbbe4775e6d.npy,0.1669108271598816,0.8628195524215698,-0.6959087252616882,0.1930035948753357
dementia,data/alzheimers/ModerateDemented/ba26e8d6-2502-48b7-a3eb-56e2150e8e93.jpg,27284326268d54f4bae7bbc46f9a387ee64c95957b7b247932992227ef963c63,ModerateDemented,ModerateDemented,0.9743661880493164,1,1,,5.807675396152234e-08,ok,maps/dementia_381cfe6433fa.npy,0.7310618162155151,0.9179174304008484,-0.18685561418533325,0.18328335881233215
dementia,data/alzheimers/ModerateDemented/bb8e7731-84de-4d08-bb40-33f896368210.jpg,55c6a3fba9969613237181a4d521e149d469d1354a7658730238e419e2090249,ModerateDemented,ModerateDemented,0.9656809568405151,1,1,,5.126354984952286e-08,ok,maps/dementia_7cd2592eafa2.npy,0.23327147960662842,0.893500804901123,-0.6602293252944946,0.1905267983675003
dementia,data/alzheimers/ModerateDemented/c9c23d44-bd9b-4949-a1e6-825c8223e7d4.jpg,3c8023abaf35ba62d15ca679445bac18438e07db74d17a51d327e2c4d70053cf,ModerateDemented,ModerateDemented,0.9658762216567993,1,1,,7.603126117583514e-08,ok,maps/dementia_676234d2c1e7.npy,0.855815052986145,0.9172846078872681,-0.06146955490112305,0.2153487354516983
dementia,data/alzheimers/ModerateDemented/d24cbb52-d1fb-4d82-bb34-a97d78d18446.jpg,49706a9aae6277a7e0a4e0ffb4ee5eb7348b2573d2c4c934409e48f4ea0aeff2,ModerateDemented,ModerateDemented,0.967480480670929,1,1,,3.9645600469206954e-08,ok,maps/dementia_431031d51e4c.npy,0.4454456567764282,0.9262150526046753,-0.48076939582824707,0.2088109254837036
dementia,data/alzheimers/ModerateDemented/f9b239a7-72b9-4b01-9130-6666bc21f4d3.jpg,516d8cc3cf1d63d371fd66e024ab7707f87e508550b885e81ca0c518c53562c3,ModerateDemented,ModerateDemented,0.9756639003753662,1,1,,1.2037617914614773e-08,ok,maps/dementia_1fa82ad23ad7.npy,0.9103597402572632,0.9356300234794617,-0.025270283222198486,0.18658152222633362
dementia,data/alzheimers/NonDemented/17a4c361-d18d-4fd3-8db7-09e9a73d563d.jpg,a2bf58b2151506fa8a20e16d69d071f780a8baac24710fdfc148ef24bcc60af4,NonDemented,NonDemented,0.954707682132721,1,1,,1.0402948691368152e-07,ok,maps/dementia_64341a76d4cc.npy,0.14160287380218506,0.8029779195785522,-0.6613750457763672,0.16376107931137085
dementia,data/alzheimers/NonDemented/25176579-d485-4fa1-bc49-ca8c1532e4e8.jpg,fb703eaffb4e833eeb4fc3f77b9f2c765dc2bc8c06ae2144a8f4bdabaaae7801,NonDemented,NonDemented,0.9604207873344421,1,1,,7.960708547916084e-08,ok,maps/dementia_bb6aadac516a.npy,0.9156683087348938,0.7097387909889221,0.20592951774597168,0.09839094430208206
dementia,data/alzheimers/NonDemented/26 (92).jpg,802b303fe526eae6489c74343ced8de08efc77bdb97f498aea4d718a8c8107f8,NonDemented,NonDemented,0.9641100764274597,1,1,,1.1471980265742587e-07,ok,maps/dementia_056872b351cc.npy,0.4543763995170593,0.7945557832717896,-0.3401793837547302,0.10603921860456467
dementia,data/alzheimers/NonDemented/27 (9).jpg,f31225ca8838232dba40918c34b816ad77bb79b21020e1f9d0d6fb7c6d5c5afd,NonDemented,NonDemented,0.958912193775177,1,1,,5.5802276577310295e-08,ok,maps/dementia_eff13a733b1e.npy,0.40487849712371826,0.7910215258598328,-0.3861430287361145,0.13941100239753723
dementia,data/alzheimers/NonDemented/276c377b-62cf-404d-9c9f-3909f121b064.jpg,ca678a28a0d8424f58b7b0f0a1ebd20b4cc06510f68f8102ad622d11319b4e93,NonDemented,NonDemented,0.9345976114273071,1,1,,6.615130554443738e-08,ok,maps/dementia_60a9bbb5c855.npy,0.8801574110984802,0.8681657910346985,0.011991620063781738,0.14070925116539001
dementia,data/alzheimers/NonDemented/2c3295fd-b0b9-42af-877f-dbc70b46b2d4.jpg,c4e9305c2ca7909b0169b91040d558470413617e699cb9d891a6b1ee337c52b6,NonDemented,NonDemented,0.977241039276123,1,1,,1.869964140199798e-07,ok,maps/dementia_600825e08672.npy,0.6134591102600098,0.9601658582687378,-0.346706748008728,0.12379375845193863
dementia,data/alzheimers/NonDemented/43da2fa7-528d-4296-a136-be1d89d97caf.jpg,4dc933e14667fe31eb52f1a4b4ddedaac905315b4af4c6e86accffe961c481f2,NonDemented,NonDemented,0.9704787731170654,1,1,,5.197015262581317e-08,ok,maps/dementia_de7057c70c27.npy,0.0685911774635315,0.6047590374946594,-0.5361678600311279,0.12294705212116241
dementia,data/alzheimers/NonDemented/44355963-9a94-4922-854e-f541508aa9cc.jpg,10e4268604ceaa8ca71105ea251939cd9fc7669236dbbf645b02bcee6504d1b2,NonDemented,NonDemented,0.933415412902832,1,1,,1.840298003985552e-07,ok,maps/dementia_72aba6ecd748.npy,0.7184138298034668,0.7344034910202026,-0.01598966121673584,0.20341448485851288
dementia,data/alzheimers/NonDemented/48437219-c0b2-440a-a8fa-be14f2e1dece.jpg,556e28dcf934598c9845ebae5aaef8043746bea702ede294e99f7d173908c3e8,NonDemented,NonDemented,0.9532347917556763,1,1,,3.1817409727741275e-08,ok,maps/dementia_4875b83ecf1d.npy,0.9133792519569397,0.7174989581108093,0.19588029384613037,0.16383448243141174
dementia,data/alzheimers/NonDemented/55b3d1d1-15cf-4dd1-8616-d28957d53538.jpg,78d54388b822dabd3bab54d6538bf8899b11e66817a9954cf0a8fcda970a17df,NonDemented,NonDemented,0.9191838502883911,1,1,,2.144798377512469e-07,ok,maps/dementia_01e454f3f4c3.npy,0.7873918414115906,0.707146167755127,0.08024567365646362,0.17113932967185974
dementia,data/alzheimers/NonDemented/5eedf8e9-6773-4e8e-83a7-d1b43d9a5502.jpg,ccfac3af00887d5027fe8ce9f5820205cbe959a697dc5a71c453af6ceb6025e6,NonDemented,NonDemented,0.9642956852912903,1,1,,4.0028721781659726e-08,ok,maps/dementia_188dc94f24eb.npy,0.7168499231338501,0.7195606231689453,-0.002710700035095215,0.14206023514270782
dementia,data/alzheimers/NonDemented/69343a1e-e1b9-4041-938d-6df33ee8cc46.jpg,8b3ec816086ad09b9dc098a039486ae796cd21a941fcbcee0847ff3f48818a98,NonDemented,NonDemented,0.9664034247398376,1,1,,2.2343144138667337e-08,ok,maps/dementia_f1b613228e47.npy,0.5919942259788513,0.8695222735404968,-0.2775280475616455,0.14754484593868256
dementia,data/alzheimers/NonDemented/6c05465c-98a6-42bb-9c2b-7934f312ecdc.jpg,189bed86f2806d284fe353e1dca6107d0bb7549f8fc705ab2fc1aad641667dd1,NonDemented,NonDemented,0.9574112892150879,1,1,,1.2188426612436132e-07,ok,maps/dementia_10c5f7d6d988.npy,0.531278133392334,0.6980043649673462,-0.1667262315750122,0.16126267611980438
dementia,data/alzheimers/NonDemented/715605e7-1b45-4c91-a5aa-7858618eeff8.jpg,2d3700caed3349a1de8205a4ebd39e252d8c2d566b218dee9c5fa3fea17b426a,NonDemented,NonDemented,0.9650989174842834,1,1,,2.991428577937827e-08,ok,maps/dementia_e5a4af1f9b51.npy,0.12113839387893677,0.8795318603515625,-0.7583934664726257,0.11058255285024643
dementia,data/alzheimers/NonDemented/818afa6f-185f-45d2-a1c2-bf87b20694b9.jpg,6ed0acea13e221b2d37496471eba9b2302738e9c68de790977b9bb8b1748677e,NonDemented,NonDemented,0.9703317284584045,1,1,,4.0214285346173995e-08,ok,maps/dementia_3376b47cfb56.npy,0.34560710191726685,0.8489877581596375,-0.5033806562423706,0.18772602081298828
dementia,data/alzheimers/NonDemented/87a9a5f0-5227-4569-8636-903964ec03e1.jpg,53e595ba9c909abc423597f80f3607a903c8d542c1d8a78fd1c20634e3d8606f,NonDemented,NonDemented,0.9759013652801514,1,1,,5.287380955114329e-08,ok,maps/dementia_a5bc021694cb.npy,0.865766167640686,0.43503445386886597,0.43073171377182007,0.13659334182739258
dementia,data/alzheimers/NonDemented/8b9a2e6d-8710-43d7-add2-c7935e1dce20.jpg,9514bb884d1d9e2cddf47c55274ec26e1fa4bf20ac4632c912b85333353b5538,NonDemented,NonDemented,0.49810728430747986,1,0,lowest-confidence correct,1.7201844956238332e-06,ok,maps/dementia_3bf7365848f1.npy,0.4839518070220947,0.44343996047973633,0.0405118465423584,0.19175797700881958
dementia,data/alzheimers/NonDemented/9144fbab-f5aa-4dbd-8616-9237c63cbb99.jpg,d8690c0cfd41ed902efabf1f2c71128858a197b6142ed9a1a126bae470f87298,NonDemented,NonDemented,0.9790508151054382,1,1,,5.379691248030838e-08,ok,maps/dementia_a0626ffc2745.npy,0.6408970355987549,0.6216670274734497,0.019230008125305176,0.1246146708726883
dementia,data/alzheimers/NonDemented/92fa3a64-f119-4496-ad73-a82f5d09d090.jpg,98ebd045385be90ea5ecad109960bf16680c0e3291a8c471e5a0903660ec3d5b,NonDemented,NonDemented,0.9204281568527222,1,1,,2.945943606835755e-07,ok,maps/dementia_c8784f7b95ff.npy,0.7526638507843018,0.6697673201560974,0.08289653062820435,0.15978524088859558
dementia,data/alzheimers/NonDemented/93df02eb-96a3-4bb5-b577-df68a585016e.jpg,d3791e87677dfd94efd2794a2e07abb6efb019408502a2b56a3093f5b3b84a58,NonDemented,VeryMildDemented,0.9217249751091003,0,0,highest-confidence error,6.852109449839716e-07,ok,maps/dementia_f8d23e254a37.npy,0.9084106683731079,0.23147539794445038,0.6769352704286575,0.06288925558328629
dementia,data/alzheimers/NonDemented/b734b0e2-5970-48bb-9161-009e12d41c04.jpg,b0f04f0ac97fe986a8753297d38feacbb877bb58d24b8169eb6f2c0298b5507c,NonDemented,NonDemented,0.9558743238449097,1,1,,1.2009951699809562e-07,ok,maps/dementia_a102610246ee.npy,0.255143404006958,0.48659223318099976,-0.23144882917404175,0.15349246561527252
dementia,data/alzheimers/NonDemented/bb2bcdac-078e-47d4-903d-e8de21aa83f2.jpg,3636d413d30e14f86b564da383db3738c98dd649cce7b7f37b2b2f17e007acdd,NonDemented,NonDemented,0.9485490322113037,1,1,,9.005691758989798e-08,ok,maps/dementia_2b5bf8461a45.npy,0.014485061168670654,0.716446042060852,-0.7019609808921814,0.1415397673845291
dementia,data/alzheimers/NonDemented/bd53e476-d7a9-4094-ab95-78ae40ca36a7.jpg,6c08cb423ffd0031f91cf90fc0e90cb6f4ef62a4722bc07c3302735e2ce506e5,NonDemented,NonDemented,0.9670888781547546,1,1,,1.1677775411771119e-07,ok,maps/dementia_dd0e3f601c67.npy,0.48093321919441223,0.7624174952507019,-0.2814842760562897,0.14684587717056274
dementia,data/alzheimers/NonDemented/c0bfd22c-7bf0-448c-8511-78ece5a1250f.jpg,cbe680814f8bb608fd1e8ee144c5393e1ad70b13b40972591d3be1c206eef0e3,NonDemented,NonDemented,0.9549436569213867,1,1,,8.093182013446665e-08,ok,maps/dementia_d2bc44b90ab7.npy,0.19932663440704346,0.815611720085144,-0.6162850856781006,0.13367462158203125
dementia,data/alzheimers/NonDemented/c5a00a75-9b54-46c2-a523-2bc68b189c70.jpg,cbbd6ac709ee0f2e75b389f6bd934ad3d2a0a3caa2a0d82f4ddd48e5e3399553,NonDemented,NonDemented,0.9504102468490601,1,1,,8.231787507195776e-08,ok,maps/dementia_254b81ff45d5.npy,0.22707104682922363,0.34498268365859985,-0.11791163682937622,0.14198845624923706
dementia,data/alzheimers/NonDemented/c7079d9c-e077-4805-89b3-e170d5a6c074.jpg,d34e7c3d72ac3bef982ee39896d0593751b6c4beb8b7123b832b32f7d483050a,NonDemented,NonDemented,0.9558428525924683,1,1,,1.262922577627279e-07,ok,maps/dementia_91207654a78b.npy,0.7176212072372437,0.8640270233154297,-0.14640581607818604,0.1252647042274475
dementia,data/alzheimers/NonDemented/c73fe3a2-019f-412d-bac6-2d8b6a7b359a.jpg,1fce0ac93d23ebf28c88d62841f0f01687d4a35ccd662956a5b115536cb48bb7,NonDemented,NonDemented,0.9761580228805542,1,1,,1.000029701270222e-07,ok,maps/dementia_f46205af0660.npy,0.18824517726898193,0.7625085115432739,-0.574263334274292,0.1461210995912552
dementia,data/alzheimers/NonDemented/eb6e452c-596a-4ca1-84cd-75a7b6e30d8d.jpg,77eb26db78bb458704003f30e182cf683b6629307700e754d1f0afdaa3e8c0ad,NonDemented,NonDemented,0.950112521648407,1,1,,2.3904793367002242e-08,ok,maps/dementia_a323e7864452.npy,-7.939338684082031e-05,0.6554109454154968,-0.6554903388023376,0.17238867282867432
dementia,data/alzheimers/NonDemented/f040a067-7106-4267-b0ec-37e6af1d3907.jpg,3d28207041c682340ab09ab131f51c7ddd6329c24dcd506bc022a61b491efc0e,NonDemented,NonDemented,0.970335066318512,1,1,,1.0799155880647504e-07,ok,maps/dementia_5f84cb223d88.npy,0.3995089530944824,0.7838164567947388,-0.38430750370025635,0.19955871999263763
dementia,data/alzheimers/NonDemented/nonDem1729.jpg,5f839af1a039070ffb87a7d770b5ab873f6d5f6f38d69706c8cb1b198615e0fc,NonDemented,NonDemented,0.9698044657707214,1,1,,2.2810665393883933e-08,ok,maps/dementia_ed1ac5c3601f.npy,0.025253117084503174,0.6752006411552429,-0.6499475240707397,0.08347376435995102
dementia,data/alzheimers/NonDemented/nonDem2047.jpg,a52fbfcdc76133f630d256de8237e3ffb89a10962008557dd99dec51babf45d9,NonDemented,NonDemented,0.9812946319580078,1,1,,7.493995690666111e-08,ok,maps/dementia_c0d895309c8d.npy,0.31626611948013306,0.8577497601509094,-0.5414836406707764,0.13667574524879456
dementia,data/alzheimers/NonDemented/nonDem2518.jpg,ef56cbf862fe36d2bca62ee761397e8b9aeaa0b1ee1ab816419d4495c1602ef6,NonDemented,NonDemented,0.9695264101028442,1,1,,5.499041055498366e-08,ok,maps/dementia_15937156f2cb.npy,0.07971030473709106,0.7645626068115234,-0.6848523020744324,0.14957071840763092
dementia,data/alzheimers/NonDemented/nonDem737.jpg,13993540a926fb5beb2dc5c4b44efeb23d13e3c296c2c1868ea31f7cf66ed5f7,NonDemented,NonDemented,0.9635983109474182,1,1,,3.769167467027046e-08,ok,maps/dementia_f228c017f06a.npy,0.89093017578125,0.7020748853683472,0.18885529041290283,0.13420353829860687
dementia,data/alzheimers/NonDemented/nonDem899.jpg,481a0548f1b23668334e3ab64a4a5f6037bc92e9b832cde12855fcd53dd5b0cf,NonDemented,NonDemented,0.9387502074241638,1,1,,4.5769828149744285e-08,ok,maps/dementia_7cfff44c5c62.npy,0.8723925948143005,0.7484161853790283,0.12397640943527222,0.10521308332681656
dementia,data/alzheimers/VeryMildDemented/12856c79-381a-4501-af5f-5a2d2cd0e3fa.jpg,b669ca8ebf6c6ab060f673752041e5686d8d5e9cca069dff44bcc78ce4755b36,VeryMildDemented,VeryMildDemented,0.9393466711044312,1,1,,4.4848331381963646e-08,ok,maps/dementia_f8cf38b1f857.npy,0.02574789524078369,0.4276304244995117,-0.401882529258728,0.4911062717437744
dementia,data/alzheimers/VeryMildDemented/1b16a05f-35dc-4f13-bcdd-324d26206f63.jpg,c0c415de76071c818dd8442d1056b210a2854bec83d2de3c7c76e9135a6fe63c,VeryMildDemented,VeryMildDemented,0.95338374376297,1,1,,2.068420908163393e-08,ok,maps/dementia_84e8d0dee226.npy,0.015202701091766357,0.2826443016529083,-0.26744160056114197,0.3240416347980499
dementia,data/alzheimers/VeryMildDemented/2179a6b3-787a-4161-9129-7a54bbf850f3.jpg,b60dfb05e8168fc875831e1d4fd94393cfba122c3b9eb60b8102057aea53564f,VeryMildDemented,VeryMildDemented,0.9678475856781006,1,1,,8.292681119570489e-08,ok,maps/dementia_dc5e8896ac6e.npy,0.037295401096343994,0.17996448278427124,-0.14266908168792725,0.12161321192979813
dementia,data/alzheimers/VeryMildDemented/26 (61).jpg,99b6610d3c2f143a29cfc1f09e3377c2891111064405ccf59f15b71b5090edfd,VeryMildDemented,VeryMildDemented,0.7503674030303955,1,1,,9.094440032164641e-07,ok,maps/dementia_4b2b147f20a6.npy,0.6586717367172241,0.06140800565481186,0.5972637310624123,0.02224002778530121
dementia,data/alzheimers/VeryMildDemented/2d191eaa-dbc3-4142-a335-5e1d1d423e19.jpg,606c2d0cc1665812c83832cf504e4036605590980bd84081f782df70d8467067,VeryMildDemented,VeryMildDemented,0.9646847248077393,1,1,,8.175736532223254e-08,ok,maps/dementia_2a7f8ec4da09.npy,0.0014028549194335938,0.19390921294689178,-0.1925063580274582,0.14199937880039215
dementia,data/alzheimers/VeryMildDemented/33cc0c71-2853-4ea9-97a7-878cdc8fbeb3.jpg,9caed89966dd31f7d45cc1b6a3b26757312aab59e503e6db2bf522ce57bc76d4,VeryMildDemented,VeryMildDemented,0.9664372801780701,1,1,,8.500682802115023e-08,ok,maps/dementia_07cc9e686317.npy,0.5987406969070435,0.7152577042579651,-0.11651700735092163,0.13829709589481354
dementia,data/alzheimers/VeryMildDemented/4687b193-d654-46aa-a627-e486da7b6dc2.jpg,f2865760def8c8977a6b71c59f3791c66bd4fcc02080229bcdf156dba3ed5ad8,VeryMildDemented,VeryMildDemented,0.9704506993293762,1,1,,1.1378647435389411e-07,ok,maps/dementia_f6dab4e8dad8.npy,0.8470498323440552,0.6329163908958435,0.21413344144821167,0.07239387184381485
dementia,data/alzheimers/VeryMildDemented/4731b157-989d-4713-b493-fee3f57ef0de.jpg,3045f3b6d9e2381c1b9e2d9136f2c548a29dfb493dec149a410095fbabac99d2,VeryMildDemented,VeryMildDemented,0.9522883296012878,1,1,,2.5243617933837226e-08,ok,maps/dementia_5fa1068c4bea.npy,0.73480623960495,0.29412755370140076,0.4406786859035492,0.04313003271818161
dementia,data/alzheimers/VeryMildDemented/4922631c-63c0-4cb5-930a-19f05032ef11.jpg,fbcf64cc6a910ad8e3274e5bc7f95d2d94fb7420e8164a8cce0b68df96edfaa9,VeryMildDemented,VeryMildDemented,0.9490787386894226,1,1,,2.3311518970725587e-07,ok,maps/dementia_c8f8b4095383.npy,0.1863325834274292,0.6543629765510559,-0.4680303931236267,0.37989354133605957
dementia,data/alzheimers/VeryMildDemented/6ada706b-871d-454a-88a6-c4573f0490e2.jpg,43cc2e6c9c00f92c5dc42f5c7a9538a7c9fac8c2af242081936a854651646c6a,VeryMildDemented,VeryMildDemented,0.44906437397003174,1,0,lowest-confidence correct,9.555465152466525e-07,ok,maps/dementia_13fd3fa4af33.npy,0.36610233783721924,-0.35454604029655457,0.7206483781337738,0.03604046627879143
dementia,data/alzheimers/VeryMildDemented/6ff01bbd-d596-4f8b-a532-20e7c060f4f8.jpg,e52a2c47589e6f884d39ddaf649d8036971bedc2ce372732f7c1233a2ef086e9,VeryMildDemented,VeryMildDemented,0.9729670882225037,1,1,,3.2621264800525296e-08,ok,maps/dementia_2e1597680859.npy,0.5690261125564575,0.7406172752380371,-0.1715911626815796,0.26464933156967163
dementia,data/alzheimers/VeryMildDemented/70bbfa42-2d2c-4502-9f29-88d28afb9688.jpg,86edc8dfd47ad4f67febdfc970b7befa0c50372007d621d22b96bac7ff3b293b,VeryMildDemented,VeryMildDemented,0.8993560671806335,1,1,,6.079084601262608e-07,ok,maps/dementia_4846489bdaf0.npy,0.8225564956665039,0.11929146200418472,0.7032650336623192,0.04582477733492851
dementia,data/alzheimers/VeryMildDemented/748b1120-84e5-42ce-a8b1-6751d0af0baf.jpg,aff7f486aff716e41f2c554aecb9486c7dafe36fd9cd304042d51bd6cd1107ec,VeryMildDemented,VeryMildDemented,0.9683523774147034,1,1,,2.254621123132239e-08,ok,maps/dementia_508883cf9a08.npy,0.29402369260787964,0.5358799695968628,-0.24185627698898315,0.1604105681180954
dementia,data/alzheimers/VeryMildDemented/74a6a9eb-233b-41b5-b9df-a61ac6cf02fa.jpg,8a1a8a689fbd86c346d23db83cf3c6db27663f7c7444901b573f6058c97ea961,VeryMildDemented,VeryMildDemented,0.9498172402381897,1,1,,2.422942766422409e-07,ok,maps/dementia_d3744c9f23ce.npy,0.5453733801841736,0.43937239050865173,0.10600098967552185,0.06435130536556244
dementia,data/alzheimers/VeryMildDemented/7abe479f-7aa2-4b50-a5b3-e2c445a4f001.jpg,2131814134f0525e0ce105e096c093fdad2f897533bf3022c3c35fca935f61a4,VeryMildDemented,VeryMildDemented,0.9585623145103455,1,1,,1.4062987992863318e-08,ok,maps/dementia_2885609239a6.npy,0.4770059287548065,0.637637734413147,-0.16063180565834045,0.3115375339984894
dementia,data/alzheimers/VeryMildDemented/84218062-f340-4a79-a6bd-bf262bf337d2.jpg,2ef708a327649694cd9eee98dd8f52c6004c4bf735f0bc515219d878822f7b79,VeryMildDemented,VeryMildDemented,0.9654989242553711,1,1,,1.2010848038368493e-07,ok,maps/dementia_1ceccb8eb94c.npy,0.8740076422691345,0.5473557710647583,0.3266518712043762,0.2824191153049469
dementia,data/alzheimers/VeryMildDemented/8e8cf0e2-9388-492c-b356-d6ff1abf8f82.jpg,2e00a1c1bb50d5b5fd11e0fc29821cd43dc79433bb110a0d9684ee8c19e235b9,VeryMildDemented,VeryMildDemented,0.9661273956298828,1,1,,9.80756216240053e-08,ok,maps/dementia_f71730b4d8a9.npy,0.0930711030960083,0.49887615442276,-0.4058050513267517,0.15319783985614777
dementia,data/alzheimers/VeryMildDemented/900549df-7d5a-4667-921d-52bc13c6e6dc.jpg,917e703044a773c46a50ae599f5f96d577e44c186e9b8c1c2bdf217013e629b6,VeryMildDemented,VeryMildDemented,0.9681704044342041,1,1,,2.8980827770572204e-08,ok,maps/dementia_6651147a2a1d.npy,0.4010964035987854,0.35733893513679504,0.043757468461990356,0.4082585275173187
dementia,data/alzheimers/VeryMildDemented/91ab74bd-a154-4b42-a658-289f65a71def.jpg,271ddbdb3249ba7b992149e50b22ab9ed47bc6dd39ab3a25ac54adf65d01c428,VeryMildDemented,VeryMildDemented,0.9571170210838318,1,1,,9.692467461963616e-08,ok,maps/dementia_e8b66b86fdf3.npy,0.38698333501815796,0.4361276626586914,-0.04914432764053345,0.1337396651506424
dementia,data/alzheimers/VeryMildDemented/9266f8b8-1002-4e0d-a6af-8ebc29059749.jpg,ace6bda896599333c3cc7816a7f9eedb8ab89dd095f30444fa37bf8dd77a1c7f,VeryMildDemented,VeryMildDemented,0.9765670895576477,1,1,,7.597562512451361e-08,ok,maps/dementia_624859cf6434.npy,0.73337721824646,0.6512125730514526,0.08216464519500732,0.24390164017677307
dementia,data/alzheimers/VeryMildDemented/ad1a657a-ec3f-4e80-8be8-287c8457fd93.jpg,72d63b27f3f449382fd3ff840b3803a454eb3835816472a01fd3ba4448c3aa1f,VeryMildDemented,VeryMildDemented,0.9605399966239929,1,1,,5.277978532003402e-08,ok,maps/dementia_43348ad95f83.npy,0.9540265798568726,0.5840357542037964,0.36999082565307617,0.20099788904190063
dementia,data/alzheimers/VeryMildDemented/adc40ae4-55b4-47de-afe5-65757bdc420c.jpg,7235d2bd76f2a6c1fb2d65729ec47064d9bbf7aa74d8f7c59794c7cc2b301703,VeryMildDemented,VeryMildDemented,0.9503850936889648,1,1,,3.274925730600842e-08,ok,maps/dementia_2cb08c35fab1.npy,0.06356984376907349,0.2268325835466385,-0.163262739777565,0.3434646725654602
dementia,data/alzheimers/VeryMildDemented/b141fb16-79c4-4f6d-bbaa-f7dcc62b4885.jpg,71db005421a7bc2c44043f66f963c86bd17d827e6abf71b6b971dabc4a5abdde,VeryMildDemented,VeryMildDemented,0.9619258642196655,1,1,,2.121376196755065e-08,ok,maps/dementia_a1d742bceca1.npy,0.027628958225250244,0.5015659332275391,-0.4739369750022888,0.5104063153266907
dementia,data/alzheimers/VeryMildDemented/c645bc07-9a45-4e9d-a747-4f9f30c96d7c.jpg,fa61e7959bc15b445a46bd065649f859fcc6ea2453658014aff49b3726c257aa,VeryMildDemented,VeryMildDemented,0.9590060114860535,1,1,,4.1977763709510896e-08,ok,maps/dementia_c505cf4e5f80.npy,0.6214807629585266,0.48767557740211487,0.13380518555641174,0.12154706567525864
dementia,data/alzheimers/VeryMildDemented/d1224174-8b19-4621-b8ac-bf52b21e4b29.jpg,80739237ce069d290271d9b231365d807e699d246d7a4e4594701df9ddedf19a,VeryMildDemented,MildDemented,0.8227904438972473,0,0,highest-confidence error,5.111544378877397e-07,ok,maps/dementia_361bce56fc9c.npy,0.7915652394294739,0.6679918169975281,0.1235734224319458,0.11183179169893265
dementia,data/alzheimers/VeryMildDemented/dc0ada01-ac06-43d6-a23a-c5fbd1b25148.jpg,6e11da6ab4d49d31e370bb3063379d2ba99dbd73174844f56cd2e1465a284ed8,VeryMildDemented,VeryMildDemented,0.9619436264038086,1,1,,5.422936555365965e-08,ok,maps/dementia_4080708b024e.npy,0.33318012952804565,0.46000123023986816,-0.1268211007118225,0.12189863622188568
dementia,data/alzheimers/VeryMildDemented/dea9611b-4773-4884-bedc-7ca6e12bddbd.jpg,01ff1828a86c49231cb05b3a0c25ac2e86c176c1c3d1e9f1f0e1336438134e35,VeryMildDemented,VeryMildDemented,0.9655027985572815,1,1,,5.806406366826167e-08,ok,maps/dementia_9555daebf1db.npy,0.43382877111434937,0.28692883253097534,0.14689993858337402,0.35087135434150696
dementia,data/alzheimers/VeryMildDemented/dfc83866-bbaa-415e-a47c-4227b06320aa.jpg,05bf35e89edcebd8cd88da6f125efa0c07393c50bf56d11537865d0f47955bdf,VeryMildDemented,VeryMildDemented,0.9716108441352844,1,1,,3.890997224420545e-08,ok,maps/dementia_a5354e4e1788.npy,0.42878925800323486,0.19218063354492188,0.236608624458313,0.15665322542190552
dementia,data/alzheimers/VeryMildDemented/f1898404-0c4c-4b1d-b3a0-693eaf789bb3.jpg,e948a256a2271c64b650e909eaa0f753a7ebe582fe14956f802b09f875df6411,VeryMildDemented,VeryMildDemented,0.9644349813461304,1,1,,6.556860066009307e-08,ok,maps/dementia_630c778a7525.npy,0.07054013013839722,0.43838009238243103,-0.3678399622440338,0.2271469235420227
dementia,data/alzheimers/VeryMildDemented/verymildDem1104.jpg,ed5ea0a191fa552d0ac8058d3e1863e85521d88c3440314922e25feb7eb7d86f,VeryMildDemented,VeryMildDemented,0.9570586681365967,1,1,,6.079104800452151e-08,ok,maps/dementia_4723b82c2901.npy,0.6577076315879822,0.4412415623664856,0.21646606922149658,0.1437198668718338
dementia,data/alzheimers/VeryMildDemented/verymildDem1712.jpg,0cba06026f84e4a4c08dd4b716317f429b83f69512e866486193345dad586031,VeryMildDemented,VeryMildDemented,0.9718070030212402,1,1,,3.529756753550828e-08,ok,maps/dementia_ecb5b4ea6da4.npy,0.0018714666366577148,0.26690778136253357,-0.26503631472587585,0.07168103009462357
dementia,data/alzheimers/VeryMildDemented/verymildDem206.jpg,66745acea514ac42e4190e306f987678c47ef2dc433b4bfb9d2dd1179c812b88,VeryMildDemented,VeryMildDemented,0.9576793313026428,1,1,,6.22803700833785e-08,ok,maps/dementia_1ccc00888c4d.npy,0.012618541717529297,0.5615091323852539,-0.5488905906677246,0.14986573159694672
dementia,data/alzheimers/VeryMildDemented/verymildDem391.jpg,5a4bd3d66ec8817d8f1625646b0abd5e02f74f549e076c080ae5c9deffe72322,VeryMildDemented,VeryMildDemented,0.9671010971069336,1,1,,4.7285864224200225e-08,ok,maps/dementia_54436be3e60c.npy,0.0778505802154541,0.32735922932624817,-0.24950864911079407,0.06284400075674057
dementia,data/alzheimers/VeryMildDemented/verymildDem821.jpg,baca8de859678c03ccc945edf498565679c6c1f07199ff2fe63472763c1bb82f,VeryMildDemented,VeryMildDemented,0.9626641273498535,1,1,,3.51070017605426e-08,ok,maps/dementia_0d010524f409.npy,0.8042830228805542,0.4948236346244812,0.309459388256073,0.09260639548301697
